"side","population","method","ticks","calls","inclusiveMs","trackedSelfMs","meanUs","msPerTick","callsPerTick","corePercentPerTick","coreReferenceBatchMs","maxMs","p95Ms","p99Ms","cpuMsPerTick"
"before","200","Verse.TickManager.DoSingleTick","901","901","5062.9401","4526.6163","5619.2453940066592674805771365","5.6192453940066592674805771365","1","2010.4634683386974123365213369","0.2795","21.4791","10.0373","13.9656","5.4453385127635960044395116537"
"before","200","Helodrace.MapComponent_RaidTacticalExecution.RunScheduledUnit","901","1697","340.0478","144.2472","200.38173246906305244549204478","0.3774115427302996670366259711","1.8834628190899","135.03096340976732273224542796","0.2795","12.4221","0.563","3.322",
"before","200","Helodrace.MapComponent_RaidTacticalExecution.RefreshContactsCore","901","1698","101.0569","101.0569","59.515253239104829210836277974","0.1121608213096559378468368479","1.88457269700333","40.129095280735577047168818587","0.2795","12.4017","0.2934","0.4486",
"before","200","Helodrace.MapComponent_RaidTacticalExecution.VisibleArmedEnemies","901","616","1.0824","1.0824","1.7571428571428571428571428571","0.0012013318534961154273029967","0.683684794672586","0.4298146166354616913427537281","0.2795","0.0159","0.0031","0.0041",
"before","200","Helodrace.MapComponent_RaidTacticalExecution.WaitForSharedOpeningCore","901","529","87.9981","85.5505","166.34801512287334593572778828","0.0976671476137624861265260821","0.587125416204218","34.943523296516095215215056218","0.2795","5.3644","0.2563","1.2347",
"before","400","Verse.TickManager.DoSingleTick","904","904","11844.5328","11043.9853","13102.359292035398230088495575","13.102359292035398230088495575","1","4738.6471218934532477716078029","0.2765","28.0309","21.1122","24.1975","13.049640486725663716814159292"
"before","400","Helodrace.MapComponent_RaidTacticalExecution.RunScheduledUnit","904","3329","460.5494","103.2219","138.34466806848903574647041153","0.5094573008849557522123893805","3.68252212389381","184.25218838515578741858567108","0.2765","4.325","0.5206","0.8566",
"before","400","Helodrace.MapComponent_RaidTacticalExecution.RefreshContactsCore","904","3329","181.3695","181.3695","54.481676179032742565334935416","0.2006299778761061946902654867","3.68252212389381","72.560570660436236777672870427","0.2765","1.3002","0.4926","0.8069",
"before","400","Helodrace.MapComponent_RaidTacticalExecution.VisibleArmedEnemies","904","1137","1.9178","1.9178","1.6867194371152154793315743184","0.0021214601769911504424778761","1.25774336283186","0.7672550368864920225959768919","0.2765","0.0347","0.0032","0.0052",
"before","400","Helodrace.MapComponent_RaidTacticalExecution.WaitForSharedOpeningCore","904","1080","171.3871","169.3539","158.69175925925925925925925926","0.1895875","1.19469026548673","68.566907775768535262206148282","0.2765","4.2456","0.2532","1.319",
"before","0","Verse.TickManager.DoSingleTick","902","902","1282.2135","1276.6009","1421.5227272727272727272727273","1.4215227272727272727272727273","1","504.08607350096711798839458415","0.282","3.5918","2.2441","2.6494","1.2818736141906873614190687361"
"before","0","Helodrace.MapComponent_RaidTacticalExecution.RunScheduledUnit","902","0","0","0",,"0","0","0","0.282","0","0","0",
"before","0","Helodrace.MapComponent_RaidTacticalExecution.RefreshContactsCore","902","0","0","0",,"0","0","0","0.282","0","0","0",
"before","0","Helodrace.MapComponent_RaidTacticalExecution.VisibleArmedEnemies","902","0","0","0",,"0","0","0","0.282","0","0","0",
"before","0","Helodrace.MapComponent_RaidTacticalExecution.WaitForSharedOpeningCore","902","0","0","0",,"0","0","0","0.282","0","0","0",
"after","200","Verse.TickManager.DoSingleTick","900","900","6043.0484","5747.5138","6714.4982222222222222222222222","6.7144982222222222222222222222","1","2437.2044363783020770316596088","0.2755","22.6646","11.1012","15.4329","6.6319444444444444444444444444"
"after","200","Helodrace.MapComponent_RaidTacticalExecution.RunScheduledUnit","900","155","86.7782","51.7035","559.85935483870967741935483871","0.0964202222222222222222222222","0.172222222222222","34.998265779391006251260334744","0.2755","12.0422","1.443","9.8494",
"after","200","Helodrace.MapComponent_RaidTacticalExecution.RefreshContactsCore","900","155","29.704","29.704","191.63870967741935483870967742","0.0330044444444444444444444444","0.172222222222222","11.979834644081468037910869127","0.2755","1.6514","0.59","1.2538",
"after","200","Helodrace.MapComponent_RaidTacticalExecution.VisibleArmedEnemies","900","164","0.2991","0.2991","1.8237804878048780487804878049","0.0003323333333333333333333333","0.182222222222222","0.1206291591046581972171808831","0.2755","0.0487","0.0027","0.0038",
"after","200","Helodrace.MapComponent_RaidTacticalExecution.WaitForSharedOpeningCore","900","155","5.0122","5.0122","32.336774193548387096774193548","0.0055691111111111111111111111","0.172222222222222","2.021455938697318007662835249","0.2755","0.1285","0.0713","0.1278",
"after","400","Verse.TickManager.DoSingleTick","900","900","13447.2237","12948.2266","14941.359666666666666666666667","14.941359666666666666666666667","1","5411.5753953881443921284558736","0.2761","41.1804","23.3211","29.8438","14.739583333333333333333333333"
"after","400","Helodrace.MapComponent_RaidTacticalExecution.RunScheduledUnit","900","247","143.1996","27.618","579.75546558704453441295546559","0.1591106666666666666666666667","0.274444444444444","57.627912592056018350839067972","0.2761","15.987","1.13","2.4744",
"after","400","Helodrace.MapComponent_RaidTacticalExecution.RefreshContactsCore","900","247","101.474","101.474","410.82591093117408906882591093","0.1127488888888888888888888889","0.274444444444444","40.836250955772868123465733028","0.2761","15.8874","0.905","1.0744",
"after","400","Helodrace.MapComponent_RaidTacticalExecution.VisibleArmedEnemies","900","258","0.4409","0.4409","1.7089147286821705426356589147","0.0004898888888888888888888889","0.286666666666667","0.1774316873918467543965551934","0.2761","0.0106","0.0028","0.0045",
"after","400","Helodrace.MapComponent_RaidTacticalExecution.WaitForSharedOpeningCore","900","247","13.3875","13.1652","54.200404858299595141700404858","0.014875","0.274444444444444","5.3875407461064831582759869612","0.2761","1.7704","0.0712","0.3466",
"after","0","Verse.TickManager.DoSingleTick","900","900","1702.9811","1696.7668","1892.2012222222222222222222222","1.8922012222222222222222222222","1","696.17410677785953724143569617","0.2718","4.3682","2.3846","2.9659","1.8923611111111111111111111111"
"after","0","Helodrace.MapComponent_RaidTacticalExecution.RunScheduledUnit","900","0","0","0",,"0","0","0","0.2718","0","0","0",
"after","0","Helodrace.MapComponent_RaidTacticalExecution.RefreshContactsCore","900","0","0","0",,"0","0","0","0.2718","0","0","0",
"after","0","Helodrace.MapComponent_RaidTacticalExecution.VisibleArmedEnemies","900","0","0","0",,"0","0","0","0.2718","0","0","0",
"after","0","Helodrace.MapComponent_RaidTacticalExecution.WaitForSharedOpeningCore","900","0","0","0",,"0","0","0","0.2718","0","0","0",
