"method","captures","hitCaptures","calls","maxMs"
"Verse.TickManager.DoSingleTick()","44","44","50300","105.3293"
"Helodrace.MapComponent_RaidTacticalCommunications.Frame(System.String,System.Int32)","44","18","6384","0.0169"
"Helodrace.MapComponent_RaidTacticalCommunications.RefreshFrames(System.Int32)","44","44","8898","34.8239"
"Helodrace.MapComponent_RaidTacticalCommunications.MapComponentTick()","44","44","50300","35.2407"
"Helodrace.MapComponent_RaidTacticalCommunications.ProcessTick(System.Int32)","44","44","2514","35.2391"
"Helodrace.MapComponent_RaidTacticalCommunications.Validate(Helodrace.RaidReportTransmission,Helodrace.RaidCommunicationFrame&,Helodrace.RaidCommunicationFrame&)","44","18","2398","0.0292"
"Helodrace.MapComponent_RaidTacticalCommunications.Share(Helodrace.RaidCommunicationFrame,Helodrace.RaidCommunicationFrame,System.Int32)","44","30","14182","14.7423"
"Helodrace.MapComponent_RaidTacticalCommunications.Queue(Helodrace.RaidCommunicationFrame,Helodrace.RaidCommunicationFrame,System.Int32,System.Int32,Helodrace.RaidTacticalReport,Helodrace.RaidCommunicationMode,System.Int32,System.Int32)","44","18","2008","14.6286"
"Helodrace.MapComponent_RaidMovementAreas.GetArea(Helodrace.RaidTacticalPlan,Helodrace.RaidStructureSnapshot,System.Boolean,System.Int32,Helodrace.RaidPawnOrder,System.Int32,System.Boolean,System.Boolean,Helodrace.RaidMovementNode,System.Int32,System.Collections.Generic.IEnumerable`1[[Verse.IntVec3, Assembly-CSharp, Version=1.6.9676.17735, Culture=neutral, PublicKeyToken=null]])","44","33","5563","2.6858"
"Helodrace.MapComponent_RaidMovementAreas.Trim(System.Int64)","44","0","0","0"
"Helodrace.MapComponent_RaidMovementAreas.CompleteReaders()","44","44","50368","0.3062"
"Helodrace.MapComponent_RaidMovementAreas.MapComponentTick()","44","44","50300","3.215"
"Helodrace.MapComponent_RaidMovementAreas.MapComponentUpdate()","44","44","30787","3.6017"
"Helodrace.MapComponent_RaidMovementAreas.Pump()","44","44","81087","3.6006"
"Helodrace.MapComponent_RaidMovementAreas.ReadyFor(Verse.Pawn)","44","33","4592","3.4296"
"Helodrace.MapComponent_RaidMovementAreas.For(Verse.Pawn)","44","43","3981","1.3782"
"Helodrace.MapComponent_RaidMovementAreas.Select(Verse.Pawn,System.Boolean)","44","43","7078","2.9549"
"Helodrace.RaidMovementArea.Pump()","44","31","347","0.5025"
"Helodrace.MapComponent_RaidTacticalExecution.MapComponentTick()","44","44","50300","4.7128"
"Helodrace.GameComponent_RaidExecutionScheduler.GameComponentTick()","44","44","50300","54.6919"
"Helodrace.GameComponent_RaidPlanScheduler.GameComponentUpdate()","44","44","30787","9.3468"
"Helodrace.MapComponent_RaidTacticalOverlay.MapComponentUpdate()","44","44","30787","0.411"
"Helodrace.MapComponent_RaidTacticalOrders.MapComponentTick()","44","44","50300","16.6756"
"Helodrace.MapComponent_RaidTacticalPlans.MapComponentTick()","44","44","50300","24.1433"
"Helodrace.RaidTacticalRadioUtility.OperatorAvailable(Verse.Pawn)","4","3","39660","0.0317"
"Helodrace.RaidTacticalRadioUtility.Radios(Verse.Pawn)","4","3","39660","0.2314"
"Helodrace.RaidTacticalRadioUtility.InstalledRadios(System.Collections.Generic.IEnumerable`1[[RimWorld.Apparel, Assembly-CSharp, Version=1.6.9676.17735, Culture=neutral, PublicKeyToken=null]])","4","3","39660","0.0698"
"Helodrace.MapComponent_RaidTacticalExecution.ConfigureCommunicationKnowledge(Helodrace.MapComponent_RaidTacticalExecution+ExecutionState,Verse.Pawn)","4","3","829","0.0173"
"Helodrace.MapComponent_RaidTacticalExecution.PublishPassage(Helodrace.MapComponent_RaidTacticalExecution+ExecutionState,System.Int32,Verse.IntVec3,Helodrace.RaidKnownCqbCell,System.Int32,Helodrace.RaidReportLedger)","4","0","0","0"
"Helodrace.MapComponent_RaidTacticalExecution.PublishRoomCheck(Helodrace.MapComponent_RaidTacticalExecution+ExecutionState,Verse.IntVec3,System.Int32)","4","0","0","0"
"Helodrace.MapComponent_RaidTacticalExecution.AcceptReport(Helodrace.MapComponent_RaidTacticalExecution+ExecutionState,Helodrace.RaidTacticalReport,System.Int32)","4","0","0","0"
"Helodrace.MapComponent_RaidTacticalExecution.CaptureObserverPassages(Verse.Pawn,Helodrace.MapComponent_RaidTacticalExecution+ExecutionState,Helodrace.RaidStructureSnapshot,System.Int32,System.Int32&)","12","9","13046","3.0581"
"Helodrace.MapComponent_RaidTacticalExecution.RefreshContactsCore(System.Collections.Generic.List`1[[Verse.Pawn, Assembly-CSharp, Version=1.6.9676.17735, Culture=neutral, PublicKeyToken=null]],Helodrace.RaidTacticalPlan,Helodrace.MapComponent_RaidTacticalExecution+ExecutionState,System.Int32)","20","15","33045","15.3952"
"Helodrace.MapComponent_RaidTacticalExecution.LiveMembers(Helodrace.Squads.RaidTacticalUnit)","19","15","6541","0.5292"
"Helodrace.MapComponent_RaidTacticalExecution.RefreshExecutionRoster(System.Int32)","12","12","240","1.026"
"Helodrace.MapComponent_RaidTacticalExecution.RunScheduledUnit(Helodrace.RaidExecutionTicket,System.Int32,System.Boolean)","31","24","46538","47.3266"
"Helodrace.RaidCommunicationPolicy.Fresh(System.Int32,System.Int32)","4","0","0","0"
"Helodrace.RaidCommunicationPolicy.ScanOffset(System.String)","4","0","0","0"
"Helodrace.RaidCommunicationPolicy.Transmission(System.Boolean,System.Int32,System.Int32,System.Int32,System.Boolean,System.Int32)","4","0","0","0"
"Helodrace.RaidCommunicationPolicy.Newer(System.Int32,System.Boolean,System.Int32,System.Boolean)","4","0","0","0"
"Helodrace.RaidCommunicationPolicy.CanRelay(System.Collections.Generic.IList`1[[System.String, mscorlib, Version=4.0.0.0, Culture=neutral, PublicKeyToken=b77a5c561934e089]],System.String,System.Boolean)","4","0","0","0"
"Helodrace.RaidCommunicationPolicy.RadioCompatible(System.Boolean,System.Boolean,System.Boolean,System.Boolean,System.Boolean,System.String,System.String,System.Int32,System.Int32)","4","3","82278","0.0372"
"Helodrace.RaidCommunicationPolicy.Delays(System.Collections.Generic.IList`1[[System.Int32, mscorlib, Version=4.0.0.0, Culture=neutral, PublicKeyToken=b77a5c561934e089]],System.Int32,System.Func`3[[System.Int32, mscorlib, Version=4.0.0.0, Culture=neutral, PublicKeyToken=b77a5c561934e089],[System.Int32, mscorlib, Version=4.0.0.0, Culture=neutral, PublicKeyToken=b77a5c561934e089],[System.Int32, mscorlib, Version=4.0.0.0, Culture=neutral, PublicKeyToken=b77a5c561934e089]])","4","3","1061","3.2448"
"Helodrace.RaidContactMemory.Observe(System.Int32,System.String,Verse.IntVec3,System.Int32,System.Int32,System.Int32,Verse.IntVec3,System.Boolean,System.Single,System.String,System.Int32)","4","0","0","0"
"Helodrace.RaidContactMemory.Receive(Helodrace.RaidTacticalReport,System.Int32,System.Int32)","4","0","0","0"
"Helodrace.RaidContactMemory.FinishScan(System.Int32,System.Collections.Generic.ISet`1[[System.Int32, mscorlib, Version=4.0.0.0, Culture=neutral, PublicKeyToken=b77a5c561934e089]])","4","3","11561","0.0485"
"Helodrace.RaidContactMemory.ExposeData()","4","0","0","0"
"Helodrace.RaidContactMemory.CanTarget(System.Int32,Verse.IntVec3,System.Int32)","4","0","0","0"
"Helodrace.RaidContactMemory.Report(System.Int32)","4","0","0","0"
"Helodrace.RaidCommunicationFrame.Reusable(System.Collections.Generic.List`1[[Verse.Pawn, Assembly-CSharp, Version=1.6.9676.17735, Culture=neutral, PublicKeyToken=null]],Verse.Pawn,System.Collections.Generic.Dictionary`2[[System.Int32, mscorlib, Version=4.0.0.0, Culture=neutral, PublicKeyToken=b77a5c561934e089],[System.Collections.Generic.List`1[[Helodrace.CompTacticalRadio, Helodrace, Version=1.0.0.0, Culture=neutral, PublicKeyToken=null]], mscorlib, Version=4.0.0.0, Culture=neutral, PublicKeyToken=b77a5c561934e089]],System.Int32,System.Int32,System.Boolean)","4","3","3060","0.0307"
"Helodrace.RaidCommunicationFrame.RadioTo(Helodrace.RaidCommunicationFrame,Verse.Pawn,Verse.Pawn,System.Boolean)","4","3","82278","3.0803"
"Helodrace.RaidCommunicationFrame.VoiceTo(Verse.Pawn,Verse.Pawn,System.Int32)","4","0","0","0"
"Helodrace.RaidCommunicationFrame.Edge(System.Int32,System.Int32,System.Boolean)","4","3","82278","3.0811"
"Helodrace.RaidReportLedger.Knows(Helodrace.RaidTacticalReport)","4","0","0","0"
"Helodrace.RaidReportLedger.Receive(Helodrace.RaidTacticalReport,System.String,System.Int32,System.Boolean)","4","0","0","0"
"Helodrace.RaidReportLedger.Publish(Helodrace.RaidTacticalReport)","4","0","0","0"
"Helodrace.RaidReportLedger.Store(Helodrace.RaidTacticalReport)","4","0","0","0"
"Helodrace.RaidReportLedger.Prune(System.Int32)","4","3","42717","0.0478"
"Helodrace.RaidCommunicationState.For(System.Int32)","4","3","3316","0.0284"
"Helodrace.RaidCommunicationState.Receipt(System.String,Helodrace.RaidTacticalReport,System.String,System.Int32)","4","0","0","0"
"Helodrace.MapComponent_RaidTacticalExecution.ExecuteUnit(Helodrace.Squads.RaidTacticalUnit,System.Collections.Generic.List`1[[Verse.Pawn, Assembly-CSharp, Version=1.6.9676.17735, Culture=neutral, PublicKeyToken=null]],System.Int32,System.Boolean)","8","6","1067","17.7464"
"Helodrace.MapComponent_RaidTacticalExecution.Update(Helodrace.Squads.RaidTacticalUnit,System.Collections.Generic.List`1[[Verse.Pawn, Assembly-CSharp, Version=1.6.9676.17735, Culture=neutral, PublicKeyToken=null]],Helodrace.RaidTacticalPlan,Helodrace.MapComponent_RaidTacticalExecution+ExecutionState,System.Int32)","8","6","1079","17.6818"
"Helodrace.MapComponent_RaidTacticalExecution.UpdateStep(Helodrace.Squads.RaidTacticalUnit,System.Collections.Generic.List`1[[Verse.Pawn, Assembly-CSharp, Version=1.6.9676.17735, Culture=neutral, PublicKeyToken=null]],Helodrace.RaidTacticalPlan,Helodrace.MapComponent_RaidTacticalExecution+ExecutionState,System.Int32)","8","6","271","16.7927"
"Helodrace.MapComponent_RaidTacticalExecution.LinkedObservers(System.Collections.Generic.List`1[[Verse.Pawn, Assembly-CSharp, Version=1.6.9676.17735, Culture=neutral, PublicKeyToken=null]],Helodrace.MapComponent_RaidTacticalExecution+ExecutionState,System.Int32)","8","2","1588","0.0328"
"Helodrace.MapComponent_RaidTacticalExecution.ClearObservationLine(Verse.IntVec3,Verse.IntVec3)","8","6","57350","0.2388"
"Helodrace.MapComponent_RaidTacticalExecution.CanObserveMapCell(System.Collections.Generic.List`1[[Verse.Pawn, Assembly-CSharp, Version=1.6.9676.17735, Culture=neutral, PublicKeyToken=null]],Verse.IntVec3)","8","4","175","0.0327"
"Helodrace.MapComponent_RaidTacticalExecution.CanObserveContact(Verse.Pawn,Verse.IntVec3,Verse.Pawn,System.Int32)","8","6","54019","14.8696"
"Helodrace.MapComponent_RaidTacticalExecution.CanObserveContact(Verse.Pawn,Verse.IntVec3,Verse.IntVec3,System.Int32)","8","3","305","0.0075"
"Helodrace.MapComponent_RaidTacticalExecution.RecordContact(Verse.Pawn,Verse.Pawn,Helodrace.MapComponent_RaidTacticalExecution+ExecutionState,Helodrace.RaidStructureSnapshot,System.Int32)","8","3","879","3.1015"
"Helodrace.MapComponent_RaidTacticalExecution.RespondToCqbContacts(System.Collections.Generic.List`1[[Verse.Pawn, Assembly-CSharp, Version=1.6.9676.17735, Culture=neutral, PublicKeyToken=null]],Helodrace.RaidTacticalPlan,Helodrace.MapComponent_RaidTacticalExecution+ExecutionState,System.Int32)","8","6","5101","3.3492"
"Helodrace.MapComponent_RaidTacticalExecution.FindContactGuardPosition(Verse.Pawn,Helodrace.RaidTacticalPlan,Verse.IntVec3,Verse.IntVec3,System.Collections.Generic.HashSet`1[[Verse.IntVec3, Assembly-CSharp, Version=1.6.9676.17735, Culture=neutral, PublicKeyToken=null]])","8","0","0","0"
"Helodrace.MapComponent_RaidTacticalExecution.RecoverCqbIntent(Helodrace.Squads.RaidTacticalUnit,System.Collections.Generic.List`1[[Verse.Pawn, Assembly-CSharp, Version=1.6.9676.17735, Culture=neutral, PublicKeyToken=null]],Helodrace.RaidTacticalPlan,Helodrace.MapComponent_RaidTacticalExecution+ExecutionState,System.Int32)","8","6","251","0.1002"
"Helodrace.MapComponent_RaidTacticalExecution.RefreshLocalCqb(Helodrace.Squads.RaidTacticalUnit,System.Collections.Generic.List`1[[Verse.Pawn, Assembly-CSharp, Version=1.6.9676.17735, Culture=neutral, PublicKeyToken=null]],Helodrace.RaidTacticalPlan,Helodrace.MapComponent_RaidTacticalExecution+ExecutionState,System.Int32)","8","6","251","1.6542"
"Helodrace.MapComponent_RaidTacticalExecution.CheckRoomConcern(System.Collections.Generic.List`1[[Verse.Pawn, Assembly-CSharp, Version=1.6.9676.17735, Culture=neutral, PublicKeyToken=null]],Helodrace.RaidTacticalPlan,Helodrace.MapComponent_RaidTacticalExecution+ExecutionState,System.Int32,System.Int32)","8","0","0","0"
"Helodrace.MapComponent_RaidTacticalExecution.TryPlanContactRecheck(Helodrace.Squads.RaidTacticalUnit,System.Collections.Generic.List`1[[Verse.Pawn, Assembly-CSharp, Version=1.6.9676.17735, Culture=neutral, PublicKeyToken=null]],Helodrace.RaidTacticalPlan,Helodrace.MapComponent_RaidTacticalExecution+ExecutionState,Helodrace.RaidStructureSnapshot,System.Collections.Generic.HashSet`1[[System.Int32, mscorlib, Version=4.0.0.0, Culture=neutral, PublicKeyToken=b77a5c561934e089]],Verse.Pawn,System.Int32)","8","0","0","0"
"Helodrace.MapComponent_RaidTacticalExecution.ObserveInterior(Verse.Pawn,Helodrace.MapComponent_RaidTacticalExecution+ExecutionState)","8","3","270","1.143"
"Helodrace.MapComponent_RaidTacticalExecution.UpdateOpeningObservation(System.Collections.Generic.List`1[[Verse.Pawn, Assembly-CSharp, Version=1.6.9676.17735, Culture=neutral, PublicKeyToken=null]],Helodrace.RaidTacticalPlan,Helodrace.MapComponent_RaidTacticalExecution+ExecutionState,System.Int32)","8","3","15","0.4742"
"Helodrace.MapComponent_RaidTacticalExecution.RoutineContactReactions(System.Collections.Generic.List`1[[Verse.Pawn, Assembly-CSharp, Version=1.6.9676.17735, Culture=neutral, PublicKeyToken=null]],Helodrace.RaidTacticalPlan,Helodrace.MapComponent_RaidTacticalExecution+ExecutionState,System.Int32)","8","6","13462","15.7437"
"Helodrace.MapComponent_RaidTacticalExecution.RespondToFire(System.Collections.Generic.List`1[[Verse.Pawn, Assembly-CSharp, Version=1.6.9676.17735, Culture=neutral, PublicKeyToken=null]],Helodrace.RaidTacticalPlan,Helodrace.MapComponent_RaidTacticalExecution+ExecutionState,System.Int32)","8","6","5101","15.7296"
"Helodrace.MapComponent_RaidTacticalExecution.EmergencyReactions(System.Collections.Generic.List`1[[Verse.Pawn, Assembly-CSharp, Version=1.6.9676.17735, Culture=neutral, PublicKeyToken=null]],Helodrace.RaidTacticalPlan,Helodrace.MapComponent_RaidTacticalExecution+ExecutionState,System.Int32)","8","6","13462","3.0784"
"Helodrace.MapComponent_RaidTacticalExecution.FieldDefense(System.Collections.Generic.List`1[[Verse.Pawn, Assembly-CSharp, Version=1.6.9676.17735, Culture=neutral, PublicKeyToken=null]],Helodrace.RaidTacticalPlan,Helodrace.MapComponent_RaidTacticalExecution+ExecutionState,System.Int32)","8","6","4526","21.6245"
"Helodrace.MapComponent_RaidTacticalExecution.VisibleArmedEnemies(System.Collections.Generic.List`1[[Verse.Pawn, Assembly-CSharp, Version=1.6.9676.17735, Culture=neutral, PublicKeyToken=null]],Helodrace.MapComponent_RaidTacticalExecution+ExecutionState,System.Int32)","8","6","5730","2.0539"
"Helodrace.MapComponent_RaidTacticalExecution.SmokeBetween(Verse.IntVec3,Verse.IntVec3)","8","5","18736","15.2696"
"Helodrace.MapComponent_RaidTacticalExecution.ApplySniperRetreats(Helodrace.MapComponent_RaidTacticalExecution+ExecutionState)","8","0","0","0"
"Helodrace.MapComponent_RaidTacticalExecution.FindReactivePosition(Verse.Pawn,Helodrace.RaidTacticalPlan,Verse.IntVec3,System.Collections.Generic.HashSet`1[[Verse.IntVec3, Assembly-CSharp, Version=1.6.9676.17735, Culture=neutral, PublicKeyToken=null]],System.Boolean,System.Collections.Generic.List`1[[Verse.Thing, Assembly-CSharp, Version=1.6.9676.17735, Culture=neutral, PublicKeyToken=null]],System.Single)","8","1","165","6.0622"
"Helodrace.MapComponent_RaidTacticalExecution.ReconcileCasualties(Helodrace.Squads.RaidTacticalUnit,System.Collections.Generic.List`1[[Verse.Pawn, Assembly-CSharp, Version=1.6.9676.17735, Culture=neutral, PublicKeyToken=null]],Helodrace.MapComponent_RaidTacticalExecution+ExecutionState,System.Int32)","16","12","1990","0.1324"
"Helodrace.MapComponent_RaidTacticalExecution.WaitForSharedOpeningCore(System.Collections.Generic.List`1[[Verse.Pawn, Assembly-CSharp, Version=1.6.9676.17735, Culture=neutral, PublicKeyToken=null]],Helodrace.RaidTacticalPlan,Helodrace.MapComponent_RaidTacticalExecution+ExecutionState,System.Int32)","15","12","6754","4.0048"
"Helodrace.MapComponent_RaidTacticalExecution.TryPlanNextRoom(Helodrace.Squads.RaidTacticalUnit,System.Collections.Generic.List`1[[Verse.Pawn, Assembly-CSharp, Version=1.6.9676.17735, Culture=neutral, PublicKeyToken=null]],Helodrace.RaidTacticalPlan,Helodrace.MapComponent_RaidTacticalExecution+ExecutionState,System.Int32)","8","0","0","0"
"Helodrace.MapComponent_RaidTacticalExecution.RoomSecured(Helodrace.Squads.RaidTacticalUnit,System.Collections.Generic.List`1[[Verse.Pawn, Assembly-CSharp, Version=1.6.9676.17735, Culture=neutral, PublicKeyToken=null]],Helodrace.RaidTacticalPlan)","8","0","0","0"
"Helodrace.MapComponent_RaidTacticalExecution.CurrentResponseTarget(System.Collections.Generic.List`1[[Verse.Pawn, Assembly-CSharp, Version=1.6.9676.17735, Culture=neutral, PublicKeyToken=null]],Helodrace.RaidTacticalPlan)","8","2","3","0.531"
"Helodrace.MapComponent_RaidTacticalExecution.Commander(Helodrace.Squads.RaidTacticalUnit,System.Collections.Generic.List`1[[Verse.Pawn, Assembly-CSharp, Version=1.6.9676.17735, Culture=neutral, PublicKeyToken=null]])","8","0","0","0"
"Helodrace.MapComponent_RaidTacticalExecution.PlanKey(Helodrace.Squads.RaidTacticalUnit,System.Collections.Generic.List`1[[Verse.Pawn, Assembly-CSharp, Version=1.6.9676.17735, Culture=neutral, PublicKeyToken=null]])","8","6","1067","0.221"
"Helodrace.MapComponent_RaidTacticalExecution.AssignLateMembers(System.Collections.Generic.List`1[[Verse.Pawn, Assembly-CSharp, Version=1.6.9676.17735, Culture=neutral, PublicKeyToken=null]],Helodrace.RaidTacticalPlan)","8","6","1066","0.0912"
"Helodrace.MapComponent_RaidTacticalExecution.IssueResponse(System.Collections.Generic.List`1[[Verse.Pawn, Assembly-CSharp, Version=1.6.9676.17735, Culture=neutral, PublicKeyToken=null]],Helodrace.RaidTacticalPlan)","8","0","0","0"
"Helodrace.MapComponent_RaidTacticalExecution.IndexFormations()","8","6","203","0.0574"
"Helodrace.MapComponent_RaidTacticalExecution.RetargetBlockedStackMembersCore(System.Collections.Generic.List`1[[Verse.Pawn, Assembly-CSharp, Version=1.6.9676.17735, Culture=neutral, PublicKeyToken=null]],Helodrace.RaidTacticalPlan,System.Boolean,Verse.Pawn,System.Boolean)","15","12","370","4.1727"
"Helodrace.MapComponent_RaidTacticalExecution.FollowNodes(System.Collections.Generic.List`1[[Verse.Pawn, Assembly-CSharp, Version=1.6.9676.17735, Culture=neutral, PublicKeyToken=null]],Helodrace.RaidTacticalPlan,Helodrace.MapComponent_RaidTacticalExecution+ExecutionState,System.Int32)","15","12","70","20.2859"
"Helodrace.MapComponent_RaidTacticalExecution.TryNodeMoveDestination(Verse.Pawn,Verse.IntVec3&,System.Boolean)","7","4","40","3.623"
"Helodrace.MapComponent_RaidTacticalExecution.ConnectionFor(Helodrace.MapComponent_RaidTacticalExecution+ExecutionState,Verse.Pawn)","7","6","379","0.0065"
"Helodrace.MapComponent_RaidTacticalExecution.ApproachConnection(Verse.Pawn)","7","6","140","0.0147"
"Helodrace.MapComponent_RaidTacticalExecution.KnownIndoorJoin(Verse.Map,Helodrace.RaidStructureSnapshot,Verse.IntVec3,Verse.IntVec3,System.Collections.Generic.ISet`1[[System.Int32, mscorlib, Version=4.0.0.0, Culture=neutral, PublicKeyToken=b77a5c561934e089]],System.Func`2[[Verse.IntVec3, Assembly-CSharp, Version=1.6.9676.17735, Culture=neutral, PublicKeyToken=null],[System.Boolean, mscorlib, Version=4.0.0.0, Culture=neutral, PublicKeyToken=b77a5c561934e089]],System.Collections.Generic.ICollection`1[[Verse.IntVec3, Assembly-CSharp, Version=1.6.9676.17735, Culture=neutral, PublicKeyToken=null]])","15","3","28","3.5478"
"Helodrace.MapComponent_RaidTacticalExecution.AllowsNodeStep(Verse.Pawn,Helodrace.RaidPawnOrder,Verse.IntVec3)","7","6","283","0.056"
"Helodrace.MapComponent_RaidTacticalExecution.ResolvePersonalJoin(Helodrace.RaidPawnOrder)","7","3","14","0.6854"
"Helodrace.MapComponent_RaidTacticalExecution.TryGoto(Verse.Pawn,Verse.IntVec3,System.Boolean,System.Boolean,System.Boolean,System.Single)","7","6","361","4.814"
"Helodrace.MapComponent_RaidTacticalExecution.HoldPosition(Verse.Pawn)","7","3","4","0.1016"
"Helodrace.MapComponent_RaidTacticalExecution.MaintainStack(System.Collections.Generic.List`1[[Verse.Pawn, Assembly-CSharp, Version=1.6.9676.17735, Culture=neutral, PublicKeyToken=null]],Helodrace.RaidTacticalPlan,Verse.Pawn,System.Boolean)","7","3","142","0.5117"
"Helodrace.MapComponent_RaidTacticalExecution.Assemble(System.Collections.Generic.List`1[[Verse.Pawn, Assembly-CSharp, Version=1.6.9676.17735, Culture=neutral, PublicKeyToken=null]],Helodrace.RaidTacticalPlan,System.Boolean)","7","3","18","0.3366"
"Helodrace.MapComponent_RaidTacticalExecution.FollowBreachCrossing(System.Collections.Generic.List`1[[Verse.Pawn, Assembly-CSharp, Version=1.6.9676.17735, Culture=neutral, PublicKeyToken=null]],Helodrace.RaidTacticalPlan,Helodrace.MapComponent_RaidTacticalExecution+ExecutionState)","7","3","40","13.9642"
"Helodrace.MapComponent_RaidTacticalExecution.FindBreachClearanceCell(Verse.Pawn,Helodrace.RaidTacticalPlan,System.Int32,System.Collections.Generic.HashSet`1[[Verse.IntVec3, Assembly-CSharp, Version=1.6.9676.17735, Culture=neutral, PublicKeyToken=null]],System.Collections.Generic.IReadOnlyCollection`1[[Verse.IntVec3, Assembly-CSharp, Version=1.6.9676.17735, Culture=neutral, PublicKeyToken=null]])","7","3","24","0.8121"
"Helodrace.MapComponent_RaidTacticalExecution.BreachClearanceCells(Helodrace.RaidTacticalPlan)","7","3","3","1.8974"
"Helodrace.MapComponent_RaidTacticalExecution.RedirectExteriorIngress(Verse.Pawn,Verse.IntVec3,Verse.IntVec3&)","7","6","1047","4.0474"
"Helodrace.MapComponent_RaidTacticalExecution.UpdateIngressYield(Verse.Pawn,Helodrace.RaidStructureSnapshot,Helodrace.RaidTacticalPlan,Helodrace.RaidExteriorIngress,System.Int32)","7","2","77","1.9521"
"Helodrace.MapComponent_RaidTacticalExecution.IngressMouthOccupied(Verse.Pawn,Verse.IntVec3)","7","2","22","0.0913"
"Helodrace.MapComponent_RaidTacticalExecution.CanEnterPassage(Verse.Pawn,Helodrace.RaidExteriorIngress)","7","2","80","0.1788"
"Helodrace.MapComponent_RaidTacticalExecution.InteriorIngressCells(Verse.Pawn,Helodrace.RaidStructureSnapshot,Helodrace.RaidExteriorIngress,System.Int32&)","7","2","139","1.5491"
"Helodrace.MapComponent_RaidTacticalExecution.ObserveExteriorIngressPosition(Verse.Pawn,Helodrace.RaidPawnOrder)","7","2","67","0.4121"
"Helodrace.MapComponent_RaidTacticalExecution.MaintainEntryCohesion(Helodrace.Squads.RaidTacticalUnit,System.Collections.Generic.List`1[[Verse.Pawn, Assembly-CSharp, Version=1.6.9676.17735, Culture=neutral, PublicKeyToken=null]],Helodrace.RaidTacticalPlan)","7","0","0","0"
"Helodrace.MapComponent_RaidTacticalExecution.IssueRoomSecurity(System.Collections.Generic.List`1[[Verse.Pawn, Assembly-CSharp, Version=1.6.9676.17735, Culture=neutral, PublicKeyToken=null]],Helodrace.RaidTacticalPlan)","7","0","0","0"
"Helodrace.MapComponent_RaidTacticalExecution.IssueAssault(System.Collections.Generic.List`1[[Verse.Pawn, Assembly-CSharp, Version=1.6.9676.17735, Culture=neutral, PublicKeyToken=null]],Helodrace.RaidTacticalPlan,Helodrace.MapComponent_RaidTacticalExecution+ExecutionState)","7","1","1","1.4723"
"Helodrace.MapComponent_RaidTacticalExecution.AllReady(System.Collections.Generic.List`1[[Verse.Pawn, Assembly-CSharp, Version=1.6.9676.17735, Culture=neutral, PublicKeyToken=null]],Helodrace.RaidTacticalPlan)","7","3","59","0.0556"
"Helodrace.MapComponent_RaidTacticalExecution.AtStagingPosition(Helodrace.RaidTacticalAssignment,Helodrace.RaidTacticalPlan)","7","6","3549","0.0948"
"Helodrace.MapComponent_RaidTacticalExecution.FormationOccupied(Verse.Pawn,Verse.IntVec3,System.Boolean)","7","6","31020","0.1756"
"Helodrace.MapComponent_RaidTacticalExecution.FormationClaims(Verse.Map,Helodrace.RaidTacticalPlan)","7","6","167","2.7709"
"Helodrace.MapComponent_RaidTacticalExecution.TryStartBreach(System.Collections.Generic.List`1[[Verse.Pawn, Assembly-CSharp, Version=1.6.9676.17735, Culture=neutral, PublicKeyToken=null]],Helodrace.RaidTacticalPlan,Helodrace.MapComponent_RaidTacticalExecution+ExecutionState)","7","3","3","3.1742"
"Helodrace.MapComponent_RaidTacticalExecution.TryStartSupport(System.Collections.Generic.List`1[[Verse.Pawn, Assembly-CSharp, Version=1.6.9676.17735, Culture=neutral, PublicKeyToken=null]],Helodrace.RaidTacticalPlan,Helodrace.RaidTacticalManeuver,Verse.Pawn,Helodrace.RaidEntryObservation)","7","3","3","6.3165"
"Helodrace.MapComponent_RaidTacticalExecution.GrenadeTargetSafe(Verse.Map,Verse.Pawn,Verse.IntVec3)","7","2","46","0.2467"
"Helodrace.MapComponent_RaidTacticalOrders.For(Verse.Pawn)","19","19","3692093","14.9328"
"Helodrace.MapComponent_RaidTacticalOrders.Get(Verse.Pawn)","11","11","1935695","14.9307"
"Helodrace.MapComponent_RaidTacticalOrders.Set(Verse.Pawn,Helodrace.RaidOrderKind,Verse.IntVec3,System.Boolean,System.Boolean,System.Single,System.Boolean,System.Boolean)","7","6","25743","4.8125"
"Helodrace.MapComponent_RaidTacticalOrders.Resolve(Helodrace.RaidPawnOrder,System.Boolean)","7","6","58827","4.074"
"Helodrace.MapComponent_RaidTacticalOrders.Allowed(Verse.Pawn,Helodrace.RaidPawnOrder,Verse.IntVec3)","11","6","905","0.0818"
"Helodrace.MapComponent_RaidTacticalOrders.MovingOrder(Verse.Pawn)","11","11","3512","0.0259"
"Helodrace.MapComponent_RaidTacticalOrders.Move(Verse.Pawn,Helodrace.RaidPawnOrder)","7","6","134","3.4626"
"Helodrace.MapComponent_RaidTacticalOrders.Wait(Verse.Pawn,Helodrace.RaidPawnOrder)","7","6","6576","0.0173"
"Helodrace.JobGiver_RaidTacticalOrder.TryGiveJob(Verse.Pawn)","7","6","6723","3.4772"
"Helodrace.JobGiver_RaidTacticalFight.TryFindShootingPosition(Verse.Pawn,Verse.IntVec3&,Verse.Verb)","11","1","1","0.3906"
"Helodrace.CqbLocalTopology.Neighbors(System.Int32)","7","3","20190","0.0467"
"Helodrace.CqbLocalTopology.Distances(System.Int32,System.Int32[]&,System.Collections.Generic.ISet`1[[System.Int32, mscorlib, Version=4.0.0.0, Culture=neutral, PublicKeyToken=b77a5c561934e089]])","7","3","28","1.0494"
"Helodrace.CqbLocalTopology.Path(System.Int32,System.Int32,System.Collections.Generic.ISet`1[[System.Int32, mscorlib, Version=4.0.0.0, Culture=neutral, PublicKeyToken=b77a5c561934e089]])","7","0","0","0"
"Helodrace.CqbLocalTopology.NeighborTargets(System.Int32,System.Collections.Generic.ISet`1[[System.Int32, mscorlib, Version=4.0.0.0, Culture=neutral, PublicKeyToken=b77a5c561934e089]])","7","0","0","0"
"Helodrace.CqbLocalTopology.SameAs(Helodrace.CqbLocalTopology)","7","5","87","1.1358"
"Helodrace.RaidBreachTraversal.OpeningAvailable(System.Boolean,System.Boolean,System.Boolean,System.Boolean)","7","2","11","0.001"
"Helodrace.RaidBreachTraversal.IsClearance(System.Int32,System.Boolean,System.Boolean)","7","3","234","0.0019"
"Helodrace.RaidBreachTraversal.AdmissionLimit(System.Int32,System.Int32)","7","0","0","0"
"Helodrace.RaidBreachTraversal.PlacementDepthAllowed(System.Int32,System.Boolean)","7","3","231","0.0007"
"Helodrace.RaidBreachTraversal.PlacementScore(System.Int32,System.Int32,System.Int32,System.Int32,System.Single)","7","3","852","0.0011"
"Helodrace.RaidBreachTraversal.CanUsePortal(System.Boolean,System.Boolean,System.Boolean)","7","0","0","0"
"Helodrace.RaidBreachTraversal.AllowsCommittedIngressStep(System.Boolean,System.Boolean,System.Int32,System.Int32,System.Int32,System.Boolean,System.Boolean)","7","0","0","0"
"Helodrace.RaidBreachTraversal.Advance(Helodrace.RaidBreachProgress,System.Boolean,System.Boolean,System.Boolean)","7","3","320","0.0009"
"Helodrace.RaidCqbLocalMap.RefreshMeasured(Verse.Map,Helodrace.RaidStructureSnapshot,Verse.Pawn,Verse.IntVec3,System.Int32,System.Collections.Generic.ISet`1[[Verse.IntVec3, Assembly-CSharp, Version=1.6.9676.17735, Culture=neutral, PublicKeyToken=null]],System.Boolean,System.Func`2[[Verse.IntVec3, Assembly-CSharp, Version=1.6.9676.17735, Culture=neutral, PublicKeyToken=null],[System.Boolean, mscorlib, Version=4.0.0.0, Culture=neutral, PublicKeyToken=b77a5c561934e089]])","11","7","224","2.8246"
"Helodrace.RaidCqbLocalMap.Path(Verse.IntVec3,Verse.IntVec3,System.Collections.Generic.ISet`1[[System.Int32, mscorlib, Version=4.0.0.0, Culture=neutral, PublicKeyToken=b77a5c561934e089]])","7","0","0","0"
"Helodrace.RaidTacticalIndices.Assignment(Helodrace.RaidTacticalPlan,Verse.Pawn)","7","6","1059807","0.1792"
"Helodrace.RaidTacticalIndices.Node(System.Collections.Generic.List`1[[Helodrace.RaidNodeMemberProgress, Helodrace, Version=1.0.0.0, Culture=neutral, PublicKeyToken=null]],Verse.Pawn)","7","4","122","0.3551"
"Helodrace.RaidTacticalIndices.InvalidateNodes()","7","1","2","0.0012"
"Helodrace.RaidEntryObservation.RecordEnemy(Verse.IntVec3)","3","0","0","0"
"Helodrace.RaidEntryObservation.Active(Verse.Pawn)","3","3","30803","0.0085"
"Helodrace.RaidEntryObservation.SidePositions(Verse.IntVec3,Verse.IntVec3)","3","0","0","0"
"Helodrace.RaidEntryObservation.IncludesRoomCell(Verse.IntVec3,System.Int32,System.Boolean,System.Func`2[[Verse.IntVec3, Assembly-CSharp, Version=1.6.9676.17735, Culture=neutral, PublicKeyToken=null],[System.Int32, mscorlib, Version=4.0.0.0, Culture=neutral, PublicKeyToken=b77a5c561934e089]])","3","3","221","0.0991"
"Helodrace.RaidEntryObservation.OnObservedSide(Verse.IntVec3,Verse.IntVec3,Verse.IntVec3,System.Boolean)","3","0","0","0"
"Helodrace.RaidEntryObservation.EntryThrowTarget(Helodrace.RaidTacticalPlan,Verse.IntVec3)","3","0","0","0"
"Helodrace.RaidEntryObservation.ThrowTargets(Helodrace.RaidEntryObservation,System.Collections.Generic.IEnumerable`1[[Verse.IntVec3, Assembly-CSharp, Version=1.6.9676.17735, Culture=neutral, PublicKeyToken=null]],System.Func`2[[Verse.IntVec3, Assembly-CSharp, Version=1.6.9676.17735, Culture=neutral, PublicKeyToken=null],[System.Boolean, mscorlib, Version=4.0.0.0, Culture=neutral, PublicKeyToken=b77a5c561934e089]])","3","0","0","0"
"Helodrace.RaidGrenadePreparation.IsThrowJob(Verse.Pawn)","11","3","35","0.0066"
"Helodrace.RaidGrenadePreparation.Active(Verse.Pawn)","11","11","468961","0.0342"
"Helodrace.RaidGrenadePreparation.BlocksGun(Verse.Verb)","11","11","405125","0.1919"
"Helodrace.RaidGrenadePreparation.Start(Verse.Pawn,Verse.Thing,Verse.IntVec3,Verse.IntVec3,System.Boolean)","11","3","3","1.9862"
"Helodrace.MapComponent_RaidTacticalExecution.SafeSupportThrowFrom(Verse.Pawn,Verse.Thing,Verse.IntVec3,Verse.IntVec3,System.Boolean)","4","3","51","0.674"
"Helodrace.MapComponent_RaidTacticalExecution.CancelPendingCharge(Helodrace.MapComponent_RaidTacticalExecution+ExecutionState)","4","0","0","0"
"Helodrace.MapComponent_RaidTacticalExecution.IsAssaultRaider(Verse.Pawn)","8","6","1989953","0.1797"
"Helodrace.MapComponent_RaidTacticalExecution.IsDefendingRaider(Verse.Pawn)","8","6","978","0.0012"
"Helodrace.MapComponent_RaidTacticalExecution.IsTacticalRaider(Verse.Pawn)","8","6","1989953","0.2099"
"Helodrace.MapComponent_RaidTacticalExecution.KeepSapperEscortTogether(Helodrace.Squads.RaidTacticalUnit)","4","0","0","0"
"Helodrace.MapComponent_RaidTacticalExecution.TryAssistSapperWithSledgehammer(System.Collections.Generic.List`1[[Verse.Pawn, Assembly-CSharp, Version=1.6.9676.17735, Culture=neutral, PublicKeyToken=null]],Verse.Pawn)","4","0","0","0"
"Helodrace.MapComponent_RaidTacticalExecution.TryExitSecuredObjective(Helodrace.Squads.RaidTacticalUnit,System.Collections.Generic.List`1[[Verse.Pawn, Assembly-CSharp, Version=1.6.9676.17735, Culture=neutral, PublicKeyToken=null]],Helodrace.MapComponent_RaidTacticalExecution+ExecutionState,System.Int32)","4","3","534","0.0331"
"Helodrace.MapComponent_RaidTacticalExecution.Advance(Helodrace.MapComponent_RaidTacticalExecution+ExecutionState,Helodrace.RaidExecutionPhase,System.Int32)","4","3","12","0.0009"
"Helodrace.MapComponent_RaidTacticalExecution.BreachOpened(Verse.Building)","4","3","163","0.001"
"Helodrace.MapComponent_RaidTacticalExecution.BreachOpened(Helodrace.RaidTacticalPlan)","4","3","163","0.0063"
"Helodrace.MapComponent_RaidTacticalExecution.FinishBreachAttempt(Helodrace.RaidTacticalPlan,Helodrace.MapComponent_RaidTacticalExecution+ExecutionState,System.Int32)","4","3","3","0.0046"
"Helodrace.MapComponent_RaidTacticalExecution.EntryPawns(System.Collections.Generic.List`1[[Verse.Pawn, Assembly-CSharp, Version=1.6.9676.17735, Culture=neutral, PublicKeyToken=null]],Helodrace.RaidTacticalPlan)","4","3","177","0.1593"
"Helodrace.MapComponent_RaidTacticalExecution.PastBreach(Verse.Pawn,Helodrace.RaidTacticalPlan)","4","2","450","0.003"
"Helodrace.MapComponent_RaidTacticalExecution.BackWallDistance(Verse.IntVec3,Verse.IntVec3)","4","0","0","0"
"Helodrace.MapComponent_RaidTacticalExecution.EntryCover(Verse.IntVec3,Helodrace.RaidTacticalPlan)","4","0","0","0"
"Helodrace.MapComponent_RaidTacticalExecution.AfterSupport(Helodrace.RaidTacticalPlan,Helodrace.RaidTacticalManeuver)","4","0","0","0"
"Helodrace.MapComponent_RaidTacticalExecution.EntryMembersNear(System.Collections.Generic.List`1[[Verse.Pawn, Assembly-CSharp, Version=1.6.9676.17735, Culture=neutral, PublicKeyToken=null]],Helodrace.RaidTacticalPlan,Verse.IntVec3,System.Single)","4","0","0","0"
"Helodrace.MapComponent_RaidTacticalExecution.IssueFlank(System.Collections.Generic.List`1[[Verse.Pawn, Assembly-CSharp, Version=1.6.9676.17735, Culture=neutral, PublicKeyToken=null]],Helodrace.RaidTacticalPlan)","4","0","0","0"
"Helodrace.MapComponent_RaidTacticalExecution.FaceStackSector(Verse.Pawn,Helodrace.RaidTacticalPlan,Helodrace.RaidTacticalAssignment)","4","3","975","0.3223"
"Helodrace.MapComponent_RaidTacticalExecution.TryCounterPsychicLance(System.Collections.Generic.List`1[[Verse.Pawn, Assembly-CSharp, Version=1.6.9676.17735, Culture=neutral, PublicKeyToken=null]])","4","0","0","0"
"Helodrace.MapComponent_RaidTacticalExecution.UsingZaper(System.Collections.Generic.List`1[[Verse.Pawn, Assembly-CSharp, Version=1.6.9676.17735, Culture=neutral, PublicKeyToken=null]])","4","3","42","0.0992"
"Helodrace.MapComponent_RaidTacticalExecution.IsTaserOperation(Verse.Pawn)","4","3","27549","0.0099"
"Helodrace.MapComponent_RaidTacticalExecution.TryRequestExternalSupport(Helodrace.Squads.RaidTacticalUnit,System.Collections.Generic.List`1[[Verse.Pawn, Assembly-CSharp, Version=1.6.9676.17735, Culture=neutral, PublicKeyToken=null]],Helodrace.RaidTacticalPlan,Helodrace.MapComponent_RaidTacticalExecution+ExecutionState)","4","1","14","0.0169"
"Helodrace.MapComponent_RaidTacticalExecution.WaitingForExternalSupport(Helodrace.MapComponent_RaidTacticalExecution+ExecutionState,System.Collections.Generic.List`1[[Verse.Pawn, Assembly-CSharp, Version=1.6.9676.17735, Culture=neutral, PublicKeyToken=null]],System.Int32)","4","0","0","0"
"Helodrace.MapComponent_RaidTacticalExecution.PlannedBreachCell(Verse.Pawn,Helodrace.RaidTacticalPlan,Verse.Building,Verse.IntVec3&)","4","3","4","0.3925"
"Helodrace.MapComponent_RaidTacticalExecution.TryStartSledgehammerBreach(System.Collections.Generic.List`1[[Verse.Pawn, Assembly-CSharp, Version=1.6.9676.17735, Culture=neutral, PublicKeyToken=null]],Helodrace.RaidTacticalPlan,Helodrace.MapComponent_RaidTacticalExecution+ExecutionState)","4","3","4","2.0787"
"Helodrace.MapComponent_RaidTacticalExecution.IssueChargeWithdrawal(System.Collections.Generic.List`1[[Verse.Pawn, Assembly-CSharp, Version=1.6.9676.17735, Culture=neutral, PublicKeyToken=null]],Helodrace.RaidTacticalPlan,Verse.IntVec3,System.Single)","4","0","0","0"
"Helodrace.MapComponent_RaidTacticalExecution.EntryGrenadeTargets(Verse.Map,Helodrace.RaidTacticalPlan,Helodrace.RaidStructureSnapshot,System.Int32,Helodrace.RaidEntryObservation)","4","2","2","0.2767"
"Helodrace.MapComponent_RaidTacticalExecution.EntrySmokeTargets(Verse.Map,Helodrace.RaidTacticalPlan,Helodrace.RaidStructureSnapshot)","4","1","1","0.0228"
"Helodrace.MapComponent_RaidTacticalExecution.IsSupportGrenade(Verse.Thing,Helodrace.RaidTacticalPlan,System.Boolean)","4","3","48","0.0268"
"Helodrace.MapComponent_RaidTacticalExecution.NextRoomTargets(Helodrace.MapComponent_RaidTacticalExecution+ExecutionState,Helodrace.RaidStructureSnapshot,Verse.Pawn,System.Collections.Generic.HashSet`1[[System.Int32, mscorlib, Version=4.0.0.0, Culture=neutral, PublicKeyToken=b77a5c561934e089]],System.Int32)","4","0","0","0"
"Helodrace.MapComponent_RaidTacticalExecution.ActivateNextRoomPlan(Helodrace.Squads.RaidTacticalUnit,System.Collections.Generic.List`1[[Verse.Pawn, Assembly-CSharp, Version=1.6.9676.17735, Culture=neutral, PublicKeyToken=null]],Helodrace.MapComponent_RaidTacticalExecution+ExecutionState,Helodrace.RaidTacticalPlan,System.Int32)","4","0","0","0"
"Helodrace.MapComponent_RaidTacticalExecution.NearbyDoorState(System.Collections.Generic.List`1[[Verse.Pawn, Assembly-CSharp, Version=1.6.9676.17735, Culture=neutral, PublicKeyToken=null]],Verse.IntVec3,System.String)","4","0","0","0"
"Helodrace.MapComponent_RaidTacticalExecution.TryCounterClosingDoor(System.Collections.Generic.List`1[[Verse.Pawn, Assembly-CSharp, Version=1.6.9676.17735, Culture=neutral, PublicKeyToken=null]],Helodrace.RaidTacticalPlan,System.String)","4","0","0","0"
"Helodrace.MapComponent_RaidTacticalExecution.DoorStateScore(Verse.IntVec3,System.Collections.Generic.Dictionary`2[[System.Int32, mscorlib, Version=4.0.0.0, Culture=neutral, PublicKeyToken=b77a5c561934e089],[System.Boolean, mscorlib, Version=4.0.0.0, Culture=neutral, PublicKeyToken=b77a5c561934e089]])","4","0","0","0"
"Helodrace.MapComponent_RaidTacticalExecution.IgnoreOwnScreeningSmoke(Verse.Pawn)","4","2","14","0.014"
"Helodrace.MapComponent_RaidTacticalExecution.ApproachScreen(System.Collections.Generic.List`1[[Verse.Pawn, Assembly-CSharp, Version=1.6.9676.17735, Culture=neutral, PublicKeyToken=null]],Helodrace.RaidTacticalPlan,Helodrace.MapComponent_RaidTacticalExecution+ExecutionState,System.Int32,System.Boolean)","4","3","83","0.0255"
"Helodrace.MapComponent_RaidTacticalExecution.CoverScreenTeam(System.Collections.Generic.List`1[[Verse.Pawn, Assembly-CSharp, Version=1.6.9676.17735, Culture=neutral, PublicKeyToken=null]],Helodrace.RaidTacticalPlan,Helodrace.MapComponent_RaidTacticalExecution+ExecutionState,System.Int32)","4","0","0","0"
"Helodrace.MapComponent_RaidTacticalExecution.CommitSmokeAdvance(System.Collections.Generic.List`1[[Verse.Pawn, Assembly-CSharp, Version=1.6.9676.17735, Culture=neutral, PublicKeyToken=null]],Helodrace.RaidTacticalPlan,Helodrace.MapComponent_RaidTacticalExecution+ExecutionState,System.Int32)","4","0","0","0"
"Helodrace.MapComponent_RaidTacticalExecution.RememberBreachTools(System.String,Verse.Pawn)","4","0","0","0"
"Helodrace.MapComponent_RaidTacticalExecution.PruneBreachTools(System.Collections.Generic.ISet`1[[System.String, mscorlib, Version=4.0.0.0, Culture=neutral, PublicKeyToken=b77a5c561934e089]])","4","4","80","0.0345"
"Helodrace.MapComponent_RaidTacticalExecution.BreachToolsFor(System.String)","4","3","548","0.0397"
"Helodrace.MapComponent_RaidTacticalExecution.RequestCasualtyReevaluation(System.String,Verse.Pawn)","12","0","0","0"
"Helodrace.MapComponent_RaidTacticalExecution.ResetLostBreacher(Helodrace.MapComponent_RaidTacticalExecution+ExecutionState,System.Int32,System.Boolean)","12","0","0","0"
"Helodrace.MapComponent_RaidTacticalExecution.ResetLostSupport(Helodrace.MapComponent_RaidTacticalExecution+ExecutionState,System.Int32)","12","0","0","0"
"Helodrace.MapComponent_RaidTacticalExecution.ReplaceLostEntryTeam(Helodrace.RaidTacticalPlan,Helodrace.MapComponent_RaidTacticalExecution+ExecutionState)","12","9","1456","0.0018"
"Helodrace.MapComponent_RaidTacticalExecution.IsOpeningSensor(Helodrace.MapComponent_RaidTacticalExecution+ExecutionState,Verse.Pawn)","4","3","11014","0.0084"
"Helodrace.MapComponent_RaidTacticalExecution.RefreshContacts(System.Collections.Generic.List`1[[Verse.Pawn, Assembly-CSharp, Version=1.6.9676.17735, Culture=neutral, PublicKeyToken=null]],Helodrace.RaidTacticalPlan,Helodrace.MapComponent_RaidTacticalExecution+ExecutionState,System.Int32)","4","3","7305","1.5274"
"Helodrace.MapComponent_RaidTacticalExecution.ContactGuardFor(Verse.Pawn)","4","3","28181","0.192"
"Helodrace.MapComponent_RaidTacticalExecution.ContactGuardFor(Helodrace.MapComponent_RaidTacticalExecution+ExecutionState,Verse.Pawn,System.Int32)","4","3","51791","3.0612"
"Helodrace.MapComponent_RaidTacticalExecution.ApproachAssignments(System.Collections.Generic.List`1[[Verse.Pawn, Assembly-CSharp, Version=1.6.9676.17735, Culture=neutral, PublicKeyToken=null]],Helodrace.RaidTacticalPlan,Helodrace.MapComponent_RaidTacticalExecution+ExecutionState,System.Int32)","4","3","125","0.0156"
"Helodrace.MapComponent_RaidTacticalExecution.ApplyContactGuard(Helodrace.RaidContactGuard)","4","0","0","0"
"Helodrace.MapComponent_RaidTacticalExecution.ReleaseContactGuards(Helodrace.MapComponent_RaidTacticalExecution+ExecutionState,Helodrace.RaidTacticalPlan,System.Collections.Generic.List`1[[Verse.Pawn, Assembly-CSharp, Version=1.6.9676.17735, Culture=neutral, PublicKeyToken=null]],System.Predicate`1[[Helodrace.RaidContactGuard, Helodrace, Version=1.0.0.0, Culture=neutral, PublicKeyToken=null]])","4","0","0","0"
"Helodrace.MapComponent_RaidTacticalExecution.ResumeReleasedGuardApproach(Helodrace.MapComponent_RaidTacticalExecution+ExecutionState,Helodrace.RaidTacticalPlan,Verse.Pawn)","4","0","0","0"
"Helodrace.MapComponent_RaidTacticalExecution.HoldInvalidPlan(System.Collections.Generic.List`1[[Verse.Pawn, Assembly-CSharp, Version=1.6.9676.17735, Culture=neutral, PublicKeyToken=null]],Helodrace.MapComponent_RaidTacticalExecution+ExecutionState)","4","0","0","0"
"Helodrace.MapComponent_RaidTacticalExecution.ContactRooms(Helodrace.RaidStructureSnapshot,Verse.IntVec3)","4","0","0","0"
"Helodrace.RaidCqbLocalMap.Refresh(Verse.Map,Helodrace.RaidStructureSnapshot,Verse.Pawn,Verse.IntVec3,System.Int32,System.Collections.Generic.ISet`1[[Verse.IntVec3, Assembly-CSharp, Version=1.6.9676.17735, Culture=neutral, PublicKeyToken=null]],System.Boolean,System.Func`2[[Verse.IntVec3, Assembly-CSharp, Version=1.6.9676.17735, Culture=neutral, PublicKeyToken=null],[System.Boolean, mscorlib, Version=4.0.0.0, Culture=neutral, PublicKeyToken=b77a5c561934e089]])","4","2","123","2.8039"
"Helodrace.RaidNodeRoute.PrepareSteps(Verse.Map,Helodrace.RaidTacticalPlan,Helodrace.Squads.DoctrineDef)","4","3","61","0.0488"
"Helodrace.RaidNodeRoute.CaptureConnection(Verse.Map,Helodrace.RaidStructureSnapshot,Helodrace.RaidMovementNode,System.Collections.Generic.IEnumerable`1[[Verse.IntVec3, Assembly-CSharp, Version=1.6.9676.17735, Culture=neutral, PublicKeyToken=null]])","4","3","214","1.7198"
"Helodrace.RaidPhysicalMapCache.Read(Verse.IntVec3,System.Int32,Verse.Building&,System.Boolean&)","4","2","133947","1.1988"
"Helodrace.RaidPhysicalMapCache.Nearby(System.Collections.Generic.IEnumerable`1[[Verse.Pawn, Assembly-CSharp, Version=1.6.9676.17735, Culture=neutral, PublicKeyToken=null]],System.Int32,System.Int32)","4","3","907","0.0611"
"Helodrace.RaidPhysicalMapCache.ClearLine(Verse.IntVec3,Verse.IntVec3,System.Int32,System.Func`1[[System.Boolean, mscorlib, Version=4.0.0.0, Culture=neutral, PublicKeyToken=b77a5c561934e089]])","4","3","21500","1.6443"
"Helodrace.GameComponent_RaidPlanScheduler.Step(Helodrace.RaidPlanningJob)","4","3","6002","9.0185"
"Helodrace.MapComponent_RaidPlanningService.Current(Helodrace.RaidPlanningJob)","4","3","6002","0.0096"
"Helodrace.MapComponent_RaidPlanningService.Prune(System.Collections.Generic.HashSet`1[[System.String, mscorlib, Version=4.0.0.0, Culture=neutral, PublicKeyToken=b77a5c561934e089]])","4","4","40","0.1371"
"Helodrace.MapComponent_RaidPlanningService.Request(Helodrace.Squads.RaidTacticalUnit,System.String,System.Nullable`1[[Verse.IntVec3, Assembly-CSharp, Version=1.6.9676.17735, Culture=neutral, PublicKeyToken=null]],Helodrace.RaidTacticalPlan)","4","3","193","3.7261"
"Helodrace.RaidTacticalDecision.Rank(Helodrace.RaidTacticalSituation)","4","3","61","1.8321"
"Helodrace.RaidTacticalDecision.Select(System.Collections.Generic.IReadOnlyList`1[[Helodrace.RaidTacticalOption, Helodrace, Version=1.0.0.0, Culture=neutral, PublicKeyToken=null]],System.Single)","4","3","61","0.0184"
"Helodrace.RaidTacticalDecision.EntrySupport(Helodrace.RaidTacticalManeuver,Helodrace.RaidTacticalSituation)","4","3","61","0.0011"
"Helodrace.RaidTacticalPlanner.MakeCurrentRoomPlan(Helodrace.Squads.RaidTacticalUnit,System.Collections.Generic.List`1[[Verse.Pawn, Assembly-CSharp, Version=1.6.9676.17735, Culture=neutral, PublicKeyToken=null]],Helodrace.RaidTacticalPlan)","4","0","0","0"
"Helodrace.RaidTacticalPlanner.FindSniperCell(Verse.Map,Helodrace.RaidStructureSnapshot,Helodrace.RaidTacticalPlanner+FieldThreatSnapshot,System.Collections.Generic.HashSet`1[[Verse.IntVec3, Assembly-CSharp, Version=1.6.9676.17735, Culture=neutral, PublicKeyToken=null]],Verse.Pawn,Verse.IntVec3,Verse.IntVec3,System.Collections.Generic.HashSet`1[[Verse.IntVec3, Assembly-CSharp, Version=1.6.9676.17735, Culture=neutral, PublicKeyToken=null]])","4","0","0","0"
"Helodrace.RaidTacticalPlanner.FindEntry(Verse.Map,Helodrace.RaidStructureSnapshot,Helodrace.RaidTacticalPlanner+FieldThreatSnapshot,System.Collections.Generic.HashSet`1[[Verse.IntVec3, Assembly-CSharp, Version=1.6.9676.17735, Culture=neutral, PublicKeyToken=null]],Verse.IntVec3,Verse.Pawn)","4","0","0","0"
"Helodrace.RaidTacticalPlanner.FindWallStackCell(Verse.Map,Helodrace.RaidStructureSnapshot,Helodrace.RaidTacticalPlanner+FieldThreatSnapshot,System.Collections.Generic.HashSet`1[[Verse.IntVec3, Assembly-CSharp, Version=1.6.9676.17735, Culture=neutral, PublicKeyToken=null]],Verse.Pawn,Helodrace.RaidTacticalPlan,System.Collections.Generic.HashSet`1[[Verse.IntVec3, Assembly-CSharp, Version=1.6.9676.17735, Culture=neutral, PublicKeyToken=null]],System.Int32,System.Collections.Generic.IReadOnlyList`1[[Verse.IntVec3, Assembly-CSharp, Version=1.6.9676.17735, Culture=neutral, PublicKeyToken=null]])","4","3","948","3.9245"
"Helodrace.RaidTacticalPlanner.SafeFromEntryGrenade(Verse.Map,Helodrace.RaidTacticalPlan,Verse.IntVec3)","4","3","59331","0.0253"
"Helodrace.RaidTacticalPlanner.FindStagingCell(Verse.Map,Helodrace.RaidStructureSnapshot,Helodrace.RaidTacticalPlanner+FieldThreatSnapshot,System.Collections.Generic.HashSet`1[[Verse.IntVec3, Assembly-CSharp, Version=1.6.9676.17735, Culture=neutral, PublicKeyToken=null]],Verse.Pawn,Verse.IntVec3,Verse.IntVec3,System.Collections.Generic.HashSet`1[[Verse.IntVec3, Assembly-CSharp, Version=1.6.9676.17735, Culture=neutral, PublicKeyToken=null]],System.Int32,System.Int32,System.Boolean,System.Boolean,Helodrace.RaidTacticalPlan,System.Collections.Generic.IReadOnlyList`1[[Verse.IntVec3, Assembly-CSharp, Version=1.6.9676.17735, Culture=neutral, PublicKeyToken=null]])","4","3","176","0.9367"
"Helodrace.MapComponent_TacticalMapAnalysis.Pump()","4","4","8969","2.9095"
"Helodrace.MapComponent_TacticalMapAnalysis.Capture(System.Int32)","4","4","430662","1.2009"
"Helodrace.RaidTacticalPlanner+<AssignmentSteps>d__5.MoveNext()","4","3","772","5.2927"
"Helodrace.RaidTacticalPlanner+<BreachSteps>d__10.MoveNext()","4","3","3664","8.8309"
"Helodrace.RaidTacticalPlanner+<Build>d__0.MoveNext()","4","3","6002","9.0166"
"Helodrace.RaidTacticalPlanner+<CardinalNeighbors>d__18.MoveNext()","4","3","172655","0.0218"
"Helodrace.RaidTacticalPlanner+<FlankSteps>d__15.MoveNext()","4","0","0","0"
"Helodrace.RaidTacticalPlanner+<MakeDefensivePlanSteps>d__4.MoveNext()","4","0","0","0"
"Helodrace.RaidTacticalPlanner+<MakePlanSteps>d__2.MoveNext()","4","3","4924","9.0156"
"Helodrace.RaidTacticalPlanner+<Profile>d__1.MoveNext()","4","3","3804","8.9401"
"Helodrace.RaidTacticalPlanner+<RouteCoreSteps>d__27.MoveNext()","4","3","140","7.3064"
"Helodrace.RaidTacticalPlanner+<RouteSteps>d__26.MoveNext()","4","3","140","7.6814"
"Helodrace.RaidNodeRoute+<PrepareSteps>d__0.MoveNext()","4","3","489","2.4037"
"Helodrace.RaidPhysicalMapCache+<Nearby>d__29.MoveNext()","4","3","267739","2.2111"
"Helodrace.MapComponent_RaidTacticalExecution.RecentRoomContact(Helodrace.MapComponent_RaidTacticalExecution+ExecutionState,Helodrace.RaidStructureSnapshot,System.Int32,System.Int32)","3","0","0","0"
"Helodrace.MapComponent_RaidTacticalExecution.EnsureOpeningObserver(System.Collections.Generic.List`1[[Verse.Pawn, Assembly-CSharp, Version=1.6.9676.17735, Culture=neutral, PublicKeyToken=null]],Helodrace.RaidTacticalPlan,Helodrace.MapComponent_RaidTacticalExecution+ExecutionState,System.Int32)","3","2","38","3.6002"
"Helodrace.MapComponent_RaidTacticalExecution.CancelOpeningObservation(Helodrace.MapComponent_RaidTacticalExecution+ExecutionState)","3","2","2","0.0036"
"Helodrace.MapComponent_RaidTacticalExecution.IsOpeningDoorCell(Verse.Map,Helodrace.RaidStructureSnapshot,Verse.IntVec3)","3","2","7773","0.0046"
"Helodrace.MapComponent_RaidTacticalExecution.OpeningRoomContains(Verse.Map,Helodrace.RaidStructureSnapshot,Verse.IntVec3,System.Int32)","3","2","4445","0.2234"
"Helodrace.MapComponent_RaidTacticalExecution.CurrentTicket(Helodrace.RaidExecutionTicket)","3","2","10066","0.0061"
"Helodrace.MapComponent_RaidTacticalExecution.RegisterUnit(Helodrace.Squads.RaidTacticalUnit,System.Int32)","3","2","840","0.0426"
"Helodrace.MapComponent_RaidTacticalExecution.ConnectedIngressCells(Verse.Map,Helodrace.RaidStructureSnapshot,Verse.IntVec3,Verse.IntVec3,System.Func`2[[Verse.IntVec3, Assembly-CSharp, Version=1.6.9676.17735, Culture=neutral, PublicKeyToken=null],[System.Boolean, mscorlib, Version=4.0.0.0, Culture=neutral, PublicKeyToken=b77a5c561934e089]])","3","1","2","0.7611"
"Helodrace.MapComponent_RaidTacticalExecution.RememberExteriorIngress(System.Collections.Generic.List`1[[Verse.Pawn, Assembly-CSharp, Version=1.6.9676.17735, Culture=neutral, PublicKeyToken=null]],Helodrace.RaidTacticalPlan,Helodrace.MapComponent_RaidTacticalExecution+ExecutionState)","3","2","31","0.266"
"Helodrace.MapComponent_RaidTacticalExecution.ActiveExteriorIngress(Verse.Pawn)","3","2","143","0.052"
"Helodrace.MapComponent_RaidTacticalExecution.IngressOpeningAvailable(Verse.Pawn,Helodrace.RaidExteriorIngress,System.Func`2[[Verse.IntVec3, Assembly-CSharp, Version=1.6.9676.17735, Culture=neutral, PublicKeyToken=null],[System.Boolean, mscorlib, Version=4.0.0.0, Culture=neutral, PublicKeyToken=b77a5c561934e089]])","3","1","6","0.1867"
"Helodrace.MapComponent_RaidTacticalExecution.OtherFormationCells(Verse.Map,Helodrace.RaidTacticalPlan,System.Collections.Generic.List`1[[Verse.Pawn, Assembly-CSharp, Version=1.6.9676.17735, Culture=neutral, PublicKeyToken=null]])","3","0","0","0"
"Helodrace.MapComponent_RaidTacticalExecution.RetargetBlockedStackMembers(System.Collections.Generic.List`1[[Verse.Pawn, Assembly-CSharp, Version=1.6.9676.17735, Culture=neutral, PublicKeyToken=null]],Helodrace.RaidTacticalPlan,System.Boolean,Verse.Pawn,System.Boolean)","3","2","111","0.2474"
"Helodrace.MapComponent_RaidTacticalExecution.ConnectionRoom(Verse.Map,Helodrace.RaidStructureSnapshot,Verse.IntVec3,Helodrace.RaidMovementNode)","3","1","10","0.0015"
"Helodrace.MapComponent_RaidTacticalExecution.TransitMouth(Verse.IntVec3)","3","2","878","0.0009"
"Helodrace.MapComponent_RaidTacticalExecution.FreeIngressClaim(Verse.Pawn,Verse.IntVec3)","3","1","821","0.0035"
"Helodrace.MapComponent_RaidTacticalExecution.ReleaseIngressTraffic(Verse.Pawn)","3","1","1","0.3753"
"Helodrace.MapComponent_RaidTacticalExecution.RememberTransitMouth(Helodrace.RaidTacticalPlan)","3","2","37","0.0142"
"Helodrace.MapComponent_RaidTacticalExecution.PrunePassageTraffic(System.Int32)","3","3","60","0.2711"
"Helodrace.MapComponent_RaidTacticalExecution.TryEmergencyFleeDestination(Verse.Pawn,Verse.IntVec3&)","3","2","10","0.0035"
"Helodrace.MapComponent_RaidTacticalExecution.NotifySupportRequested(Verse.Pawn,Verse.IntVec3)","3","0","0","0"
"Helodrace.MapComponent_RaidTacticalExecution.GunRange(Verse.Pawn)","3","2","90","0.0018"
"Helodrace.MapComponent_RaidTacticalExecution.CoverReactiveTeam(System.Collections.Generic.List`1[[Verse.Pawn, Assembly-CSharp, Version=1.6.9676.17735, Culture=neutral, PublicKeyToken=null]],Helodrace.RaidTacticalPlan,Helodrace.MapComponent_RaidTacticalExecution+ExecutionState,Helodrace.RaidReactionKind,Verse.IntVec3,System.Int32,System.Boolean)","3","0","0","0"
"Helodrace.MapComponent_RaidTacticalExecution.PauseReaction(Helodrace.MapComponent_RaidTacticalExecution+ExecutionState,System.Int32)","3","0","0","0"
"Helodrace.MapComponent_RaidTacticalExecution.ValidReactiveCell(Verse.IntVec3)","3","0","0","0"
"Helodrace.MapComponent_RaidTacticalExecution.ExplosionAim(Verse.Thing)","3","1","32","0.0031"
"Helodrace.MapComponent_RaidTacticalExecution.ExplosionRadius(Verse.ThingDef)","3","1","16","0.0107"
"Helodrace.MapComponent_RaidTacticalExecution.ExposedToExplosion(Verse.IntVec3,Verse.Thing)","3","1","16","0.0363"
"Helodrace.MapComponent_RaidTacticalExecution.WaitForSharedOpening(System.Collections.Generic.List`1[[Verse.Pawn, Assembly-CSharp, Version=1.6.9676.17735, Culture=neutral, PublicKeyToken=null]],Helodrace.RaidTacticalPlan,Helodrace.MapComponent_RaidTacticalExecution+ExecutionState,System.Int32)","3","2","1695","1.3763"
"Helodrace.MapComponent_RaidTacticalExecution.ReleaseOpeningQueue(System.Collections.Generic.List`1[[Verse.Pawn, Assembly-CSharp, Version=1.6.9676.17735, Culture=neutral, PublicKeyToken=null]])","3","1","1","0.0056"
"Helodrace.MapComponent_RaidTacticalExecution.PlanSmokeFormation(System.Collections.Generic.List`1[[Verse.Pawn, Assembly-CSharp, Version=1.6.9676.17735, Culture=neutral, PublicKeyToken=null]],System.Collections.Generic.List`1[[Verse.Pawn, Assembly-CSharp, Version=1.6.9676.17735, Culture=neutral, PublicKeyToken=null]],Helodrace.RaidTacticalPlan,System.Int32)","3","0","0","0"
"Helodrace.MapComponent_RaidTacticalExecution.CanStageSmokeThrow(Verse.IntVec3,Verse.IntVec3)","3","0","0","0"
"Helodrace.MapComponent_RaidTacticalExecution.PreparePlannedSmoke(System.Collections.Generic.List`1[[Verse.Pawn, Assembly-CSharp, Version=1.6.9676.17735, Culture=neutral, PublicKeyToken=null]],Helodrace.RaidTacticalPlan,Helodrace.MapComponent_RaidTacticalExecution+ExecutionState,System.Int32)","3","0","0","0"
"Helodrace.MapComponent_RaidTacticalExecution.SmokeTeam(System.Collections.Generic.List`1[[Verse.Pawn, Assembly-CSharp, Version=1.6.9676.17735, Culture=neutral, PublicKeyToken=null]],Helodrace.RaidTacticalPlan)","3","0","0","0"
"Helodrace.MapComponent_RaidTacticalExecution.Status(System.String)","3","0","0","0"
"Helodrace.MapComponent_RaidTacticalExecution.ActivePlanFor(System.String)","3","2","420","0.0012"
"Helodrace.MapComponent_RaidTacticalExecution.StructureFor(Verse.Map,Helodrace.RaidTacticalPlan)","3","2","3987","0.0158"
"Helodrace.MapComponent_RaidTacticalExecution.ControlsPawn(Verse.Pawn)","7","5","66716","0.211"
"Helodrace.MapComponent_RaidTacticalExecution.ControlsPawn(Verse.Pawn,Helodrace.Squads.RaidTacticalUnit)","7","5","1680320","0.2404"
"Helodrace.MapComponent_RaidTacticalExecution.OwnsAssignment(System.String,Helodrace.MapComponent_RaidTacticalExecution+ExecutionState,Verse.Pawn)","7","5","1678083","0.2007"
"Helodrace.MapComponent_RaidTacticalExecution.SupportStatusFor(System.String)","3","0","0","0"
"Helodrace.MapComponent_RaidTacticalExecution.StateFor(System.String)","3","2","45391","0.0208"
"Helodrace.MapComponent_RaidTacticalExecution.NotifySupportLaunched(Verse.Pawn,Verse.Projectile)","3","2","2","0.0933"
"Helodrace.MapComponent_RaidTacticalExecution.ReturnSupportThrower(Helodrace.MapComponent_RaidTacticalExecution+ExecutionState)","3","2","22","0.2528"
"Helodrace.MapComponent_RaidTacticalExecution.TrySupportFleeDestination(Verse.Pawn,Verse.IntVec3&)","3","1","7","0.9533"
"Helodrace.MapComponent_RaidTacticalExecution.SupportEffectsPending(Helodrace.MapComponent_RaidTacticalExecution+ExecutionState,System.Int32)","3","2","18","0.4464"
"Helodrace.MapComponent_RaidTacticalExecution.SafeSupportThrow(Verse.Pawn,Verse.Thing,Verse.IntVec3,System.Boolean)","3","2","40","0.1004"
"Helodrace.RaidCqbKnowledge.KnownPassablePortals(System.Int32)","3","0","0","0"
"Helodrace.RaidCqbKnowledge.Read(Verse.IntVec3,Helodrace.RaidKnownCqbCell,Helodrace.RaidKnownCqbCell,System.Func`2[[Verse.IntVec3, Assembly-CSharp, Version=1.6.9676.17735, Culture=neutral, PublicKeyToken=null],[System.Boolean, mscorlib, Version=4.0.0.0, Culture=neutral, PublicKeyToken=b77a5c561934e089]])","3","1","43560","1.2768"
"Helodrace.RaidCqbKnowledge.ReplaceEntry(System.Boolean,System.Boolean)","3","1","46","0.0002"
"Helodrace.RaidCqbKnowledge.RememberDirect(Verse.IntVec3,Helodrace.RaidKnownCqbCell,System.Int32,System.Int32,System.String)","3","2","33","0.0055"
"Helodrace.RaidCqbKnowledge.Receive(Helodrace.RaidTacticalReport)","3","2","5","0.0504"
"Helodrace.RaidPawnCommand.Assign(Helodrace.RaidCommandOwner,Helodrace.RaidOrderKind,Verse.IntVec3,System.Boolean,System.Boolean,System.Single,System.Boolean,Helodrace.RaidMovementNode,System.Boolean)","3","2","17230","0.007"
"Helodrace.MapComponent_RaidTacticalPlans.InvalidateDecision(System.String)","3","1","6","0.1811"
"Helodrace.MapComponent_RaidTacticalPlans.GetPlan(Helodrace.Squads.RaidTacticalUnit,System.Boolean)","3","2","420","0.0193"
"Helodrace.MapComponent_RaidTacticalPlans.Signature(Helodrace.Squads.RaidTacticalUnit)","3","0","0","0"
"Verse.Pawn.Tick()","4","4","1385052","15.2021"
"Verse.Pawn.TickInterval(System.Int32)","4","4","100416","30.145"
"Verse.AI.Pawn_PathFollower.PatherTick()","4","4","822866","2.5266"
"Verse.AI.Pawn_PathFollower.TryEnterNextPathCell()","4","4","802","2.5017"
"Verse.AI.Pawn_PathFollower.GenerateNewPathRequest()","4","4","126","0.1084"
"Verse.AI.Pawn_JobTracker.JobTrackerTick()","4","4","822866","2.1874"
"Verse.AI.Pawn_JobTracker.JobTrackerTickInterval(System.Int32)","4","4","62940","30.0774"
"Verse.AI.Pawn_JobTracker.StartJob(Verse.AI.Job,Verse.AI.JobCondition,Verse.AI.ThinkNode,System.Boolean,System.Boolean,Verse.ThinkTreeDef,System.Nullable`1[[Verse.AI.JobTag, Assembly-CSharp, Version=1.6.9676.17735, Culture=neutral, PublicKeyToken=null]],System.Boolean,System.Boolean,System.Nullable`1[[System.Boolean, mscorlib, Version=4.0.0.0, Culture=neutral, PublicKeyToken=b77a5c561934e089]],System.Boolean,System.Boolean,System.Boolean)","4","4","156","4.4369"
"Verse.AI.Pawn_JobTracker.CheckForJobOverride(System.Single,System.Boolean)","4","3","6818","2.8896"
"Verse.AI.Pawn_JobTracker.TryFindAndStartJob()","4","4","57","30.0638"
"Verse.AI.JobDriver.DriverTick()","4","4","822866","2.1754"
"Verse.AI.JobDriver.DriverTickInterval(System.Int32)","4","4","56430","18.1579"
"Verse.AI.CastPositionFinder.TryFindCastPosition(Verse.AI.CastPositionRequest,Verse.IntVec3&)","4","0","0","0"
"Helodrace.Patch_RaidTacticalTickCpu.Prefix(Helodrace.RaidCpuProfiler+Scope&)","4","4","4806","0.0961"
"Helodrace.Patch_RaidTacticalTickCpu.Postfix(Helodrace.RaidCpuProfiler+Scope)","4","4","4806","0.0025"
"Helodrace.Patch_RaidMovementArea_Request.Postfix(Verse.PathRequest,Verse.Pawn)","4","4","126","0.0357"
"Helodrace.Patch_RaidMovementArea_Request.Prefix(Verse.Pawn,Verse.PathRequest+IPathGridCustomizer&)","4","4","126","0.0783"
"Helodrace.Patch_RaidMovementArea_RequestResolved.Postfix(Verse.PathRequest)","4","4","121","0.0019"
"Helodrace.Patch_RaidMovementArea_RequestCancelled.Postfix(Verse.PathRequest)","4","4","127","0.0013"
"Helodrace.Patch_RaidMovementArea_ReadersCompleted.Postfix(Verse.Map)","4","4","4806","0.0253"
"Helodrace.Patch_RaidMovementArea_Dispose.Postfix(Verse.Map)","4","0","0","0"
"Helodrace.Patch_RaidNodeMovement_AllowedStep.Postfix(Verse.Pawn)","4","4","802","0.0226"
"Helodrace.Patch_RaidNodeMovement_AllowedStep.Prefix(Verse.Pawn,Verse.IntVec3)","4","4","802","0.0336"
"Helodrace.Patch_RaidTacticalSupportFlee.Postfix(Verse.Pawn,Verse.AI.Job&)","4","4","33555","0.021"
"Helodrace.Patch_RaidTacticalDuty.Prefix(RimWorld.ThinkNode_Duty,Verse.Pawn,Verse.AI.JobIssueParams,Verse.AI.ThinkResult&)","4","4","6871","0.432"
"Helodrace.Patch_RaidTacticalContinuation.Postfix(Verse.AI.JobDriver,Verse.AI.Job,System.Boolean&)","4","3","6747","0.2089"
"Helodrace.Patch_RaidTacticalDutyConstant.Prefix(Verse.Pawn,Verse.AI.ThinkResult&)","4","4","34133","0.2276"
"Helodrace.Patch_RaidTacticalHoldFacing.Postfix(Verse.AI.JobDriver_Wait,Verse.AI.Toil)","4","4","55","0.0097"
"Helodrace.Patch_RaidTacticalPendingAttack.Prefix(Verse.AI.JobDriver_Wait)","4","4","47402","0.2144"
"Helodrace.Patch_RaidTacticalTrace_StartJob.Postfix(Verse.Pawn)","4","4","156","0.0121"
"Helodrace.Patch_RaidTacticalTrace_StartJob.Prefix(Verse.Pawn,Verse.AI.Job,Verse.AI.JobCondition,System.Boolean,Verse.AI.ThinkNode)","4","4","156","0.0007"
"Helodrace.Patch_RaidTacticalTrace_EndJob.Prefix(Verse.Pawn,Verse.AI.JobCondition)","4","4","72","0.001"
"Helodrace.Squads.OrganizationAPI.GetGroup(Verse.Pawn)","4","3","2065758","0.2307"
"Helodrace.Squads.RaidTacticalUnit.ForGroup(Helodrace.Squads.CombatGroup)","4","3","2039577","0.2106"
"Helodrace.Squads.RaidTacticalUnit.ForPawn(Verse.Pawn)","4","3","1105222","0.2342"
"Helodrace.RaidPawnOrder.OwnedBy(Helodrace.Squads.RaidTacticalUnit)","4","3","934355","0.4925"
"Helodrace.JobGiver_RaidTacticalFight.Give(Verse.Pawn)","4","3","107","0.2852"
"Helodrace.JobGiver_RaidTacticalFight.ExtraTargetValidator(Verse.Pawn,Verse.Thing)","4","3","536","0.0071"
"Helodrace.JobGiver_RaidTacticalFight.ShouldLoseTarget(Verse.Pawn)","4","0","0","0"
