"path","beforeSha256","afterSha256","unchanged"
"Source/Helodrace/Core/AnimatedTurretUtility.cs","78C9EB6D32B5EA5D5686F36E46AB03F678B2ECF11B41965A80CB3206C111E745","78C9EB6D32B5EA5D5686F36E46AB03F678B2ECF11B41965A80CB3206C111E745","True"
"Source/Helodrace/Core/CigaretteButt.cs","48D64951335174102C0209B92C5F810CD2276ABDA482969823057EB9EABA93E8","48D64951335174102C0209B92C5F810CD2276ABDA482969823057EB9EABA93E8","True"
"Source/Helodrace/Core/CigaretteSmoking.cs","1F2916876DCBD84D52152E490E366CD122345E99549354C9F299137C77616810","1F2916876DCBD84D52152E490E366CD122345E99549354C9F299137C77616810","True"
"Source/Helodrace/Core/CompMannedAntiAir.cs","CEB46A93609B042F9DE2423CECA2B340DF64B93B251188293A248A58473B39DA","CEB46A93609B042F9DE2423CECA2B340DF64B93B251188293A248A58473B39DA","True"
"Source/Helodrace/Core/CompMultiCrewTurret.cs","0A3D524AF33C01E9D491E66545D2B12B7628810DEF735A413E5599CE0D80308C","0A3D524AF33C01E9D491E66545D2B12B7628810DEF735A413E5599CE0D80308C","True"
"Source/Helodrace/Core/CompTacticalRadio.cs","354CDB8CAF054C0D8F94212FB699DAE42E9B394527CAB3F03D0CE8DCCE1A3D19","354CDB8CAF054C0D8F94212FB699DAE42E9B394527CAB3F03D0CE8DCCE1A3D19","True"
"Source/Helodrace/Core/CqbLocalTopology.cs","293A17B61C8BF6E7BF728B0FDE78828D48ABB2A3229A2FA15CBFEA89114955EA","293A17B61C8BF6E7BF728B0FDE78828D48ABB2A3229A2FA15CBFEA89114955EA","True"
"Source/Helodrace/Core/DebugActions.cs","91532B8A99CDA1AFF088D8A50E8ED431A5FFC3C3AEBFF4069FFCFC2E0BCC83B0","91532B8A99CDA1AFF088D8A50E8ED431A5FFC3C3AEBFF4069FFCFC2E0BCC83B0","True"
"Source/Helodrace/Core/ModMain.cs","16247CE56D9AB69B98C15C88C79F2E782025D8933C1552E9944C3E421FC2733D","16247CE56D9AB69B98C15C88C79F2E782025D8933C1552E9944C3E421FC2733D","True"
"Source/Helodrace/Core/PatchHelodFoodCapacity.cs","266A43AB267D177CE0ED904F805A327110B8282C91CC936BC9BC4A12BC0E9352","266A43AB267D177CE0ED904F805A327110B8282C91CC936BC9BC4A12BC0E9352","True"
"Source/Helodrace/Core/PatchStuffCostMultipliers.cs","D1BCA45D0FEFA1FDEE5EE61C94B1EF6DF8CEC45391CE762D2E232E707B6CE250","D1BCA45D0FEFA1FDEE5EE61C94B1EF6DF8CEC45391CE762D2E232E707B6CE250","True"
"Source/Helodrace/Core/PlaceWorker_ShowExtendedTurretRadius.cs","75FD8FF893DD8A92867E459109C1EB35EB16D8F126A1E6731FBA27688F02D2E3","75FD8FF893DD8A92867E459109C1EB35EB16D8F126A1E6731FBA27688F02D2E3","True"
"Source/Helodrace/Core/RaidApproachSmoke.cs","6E9634C342EB2F30E0D89DB3F10DDF278BDDBCB982FFD48C39617C6D9118A785","6E9634C342EB2F30E0D89DB3F10DDF278BDDBCB982FFD48C39617C6D9118A785","True"
"Source/Helodrace/Core/RaidAuditReproducibility.cs","1077EA66BDECB24E85D60A7FB4F37664EA9D083ABAF94D99503BD38F0CA658F8","1077EA66BDECB24E85D60A7FB4F37664EA9D083ABAF94D99503BD38F0CA658F8","True"
"Source/Helodrace/Core/RaidBreachToolRecovery.cs","374DDAF591E370DAF8694273E6B77CAA9ACB49D3093E32BC40179C194B1847C2","374DDAF591E370DAF8694273E6B77CAA9ACB49D3093E32BC40179C194B1847C2","True"
"Source/Helodrace/Core/RaidBreachTraversal.cs","2E4CD0AAD0450CEE3BC81A2F7A9700E596D30AFA68474ED2D63C9152839065F2","2E4CD0AAD0450CEE3BC81A2F7A9700E596D30AFA68474ED2D63C9152839065F2","True"
"Source/Helodrace/Core/RaidCasualtyReevaluation.cs","084FE8A4B218BE8D2C11EC7DC6ECFFD0E2DF3AF4838ACF380A197FA22BABC0CB","084FE8A4B218BE8D2C11EC7DC6ECFFD0E2DF3AF4838ACF380A197FA22BABC0CB","True"
"Source/Helodrace/Core/RaidCommandJoin.cs","A049CC34104BA377ABEACA567BF40348F6C0B5891A7B22003BA2F57C7B3EBCFA","A049CC34104BA377ABEACA567BF40348F6C0B5891A7B22003BA2F57C7B3EBCFA","True"
"Source/Helodrace/Core/RaidCommunicationKnowledge.cs","C3B6F3EE1DDC3BB1A1CDCF94FC774A8BB469113F8EE87D600EB825CB9EBBD6E6","C3B6F3EE1DDC3BB1A1CDCF94FC774A8BB469113F8EE87D600EB825CB9EBBD6E6","True"
"Source/Helodrace/Core/RaidCommunicationPolicy.cs","D5AC112C8CFED5DED5741F1B75F01AC572CD35A1B48EBF1B6151CA7F839B18AA","D5AC112C8CFED5DED5741F1B75F01AC572CD35A1B48EBF1B6151CA7F839B18AA","True"
"Source/Helodrace/Core/RaidContactMemory.cs","DDB7B37BF1C209188552D3BD3939D33A1D4DACE7DB5B44A106F54321A88EE9E1","DDB7B37BF1C209188552D3BD3939D33A1D4DACE7DB5B44A106F54321A88EE9E1","True"
"Source/Helodrace/Core/RaidContactObservation.cs","CB0CDF0A4C3EEF5B4B833AD0CA52BA6453569749470E722F0299FF2CD4074D75","CB0CDF0A4C3EEF5B4B833AD0CA52BA6453569749470E722F0299FF2CD4074D75","True"
"Source/Helodrace/Core/RaidCpuProfiler.cs","35DECE7AD22EE902BEC898593B7D79BA59C049007002C1AD8810E37C55FB7782","35DECE7AD22EE902BEC898593B7D79BA59C049007002C1AD8810E37C55FB7782","True"
"Source/Helodrace/Core/RaidCqbContactResponse.cs","CC2DF48B2CA97A053C740A2BF8BEF7F622F45EF208F8361853450CE936AEEDEB","CC2DF48B2CA97A053C740A2BF8BEF7F622F45EF208F8361853450CE936AEEDEB","True"
"Source/Helodrace/Core/RaidCqbLocalMap.cs","E32DFA24D728FA53E307BE29BE0E4B4220A3F90778A7663D987036D68B33FB5E","E32DFA24D728FA53E307BE29BE0E4B4220A3F90778A7663D987036D68B33FB5E","True"
"Source/Helodrace/Core/RaidCqbPolicy.cs","6A64409952263577C01F4824ED61607EB72286906EECE4BC1F3C1E9BF7630224","6A64409952263577C01F4824ED61607EB72286906EECE4BC1F3C1E9BF7630224","True"
"Source/Helodrace/Core/RaidCqbRoomRecheck.cs","32374DF1F38E49D0AEC9841918E9B37D2ECC3560646A67CAF2E350DCF203B4A0","32374DF1F38E49D0AEC9841918E9B37D2ECC3560646A67CAF2E350DCF203B4A0","True"
"Source/Helodrace/Core/RaidEntryObservation.cs","CD3F28A7FE14C31CCF73A0EF46529FEFFB9770A6F244F2A6F8C62A98A68EC896","CD3F28A7FE14C31CCF73A0EF46529FEFFB9770A6F244F2A6F8C62A98A68EC896","True"
"Source/Helodrace/Core/RaidEntryObservationPolicy.cs","6B211A016996379015C86E77AB22122F43F1BC560F5CAB99D009BEDF5D7498F9","6B211A016996379015C86E77AB22122F43F1BC560F5CAB99D009BEDF5D7498F9","True"
"Source/Helodrace/Core/RaidExecutionScheduling.cs","EF07C50EA21B5C13F9721A761590E121D76F3CD3B1AB21EB8F1A00301B33DE59","EF07C50EA21B5C13F9721A761590E121D76F3CD3B1AB21EB8F1A00301B33DE59","True"
"Source/Helodrace/Core/RaidExteriorIngress.cs","0D8F69862CDF8A6A21EC0865185F2C3CBD1B1E1FD575EB45673120707F79B181","0D8F69862CDF8A6A21EC0865185F2C3CBD1B1E1FD575EB45673120707F79B181","True"
"Source/Helodrace/Core/RaidFormationPositions.cs","7D0B2E12504E4B36952D27DDD9D65582AC9EC4B99E292E8CBD0E480529F26622","7D0B2E12504E4B36952D27DDD9D65582AC9EC4B99E292E8CBD0E480529F26622","True"
"Source/Helodrace/Core/RaidFormationSlots.cs","56A0B39A69E256A79AA6A458987B94AFD83AE3FB7AAE125B1FA2DBFB7F87FFDE","56A0B39A69E256A79AA6A458987B94AFD83AE3FB7AAE125B1FA2DBFB7F87FFDE","True"
"Source/Helodrace/Core/RaidFormationTopology.cs","848CB47038E23D0257A222B4951E338A9BA81A1F3D0481F78A7A668691260A7F","848CB47038E23D0257A222B4951E338A9BA81A1F3D0481F78A7A668691260A7F","True"
"Source/Helodrace/Core/RaidGrenadePreparation.cs","6454905E337F63F6E96A381E5DA3040682D215591FCA64C55981E1F55EABFFAD","6454905E337F63F6E96A381E5DA3040682D215591FCA64C55981E1F55EABFFAD","True"
"Source/Helodrace/Core/RaidLocalMapState.cs","18457E27CDE0FFF6E482EC6D0D4AAFA3C5183EE8B03BFB797B1EE8D817FCC891","18457E27CDE0FFF6E482EC6D0D4AAFA3C5183EE8B03BFB797B1EE8D817FCC891","True"
"Source/Helodrace/Core/RaidMovementArea.cs","649793ACC816C4B384A68A9D3719434F7E85FC94B74354E821AE71528765130E","649793ACC816C4B384A68A9D3719434F7E85FC94B74354E821AE71528765130E","True"
"Source/Helodrace/Core/RaidMovementDiagnostics.cs","9506530167828F3CEDACADDD12135F18BF7A081D05546F3826A27F94C90E6561","9506530167828F3CEDACADDD12135F18BF7A081D05546F3826A27F94C90E6561","True"
"Source/Helodrace/Core/RaidMovementFunctionalAudit.cs","2566BB5CBABD4DA2BAEFF6824DD264EE706BB7C9741B8CA39B778D8768AE4665","2566BB5CBABD4DA2BAEFF6824DD264EE706BB7C9741B8CA39B778D8768AE4665","True"
"Source/Helodrace/Core/RaidMovementRuntimeAudit.cs","0A3E3C7B592A4C23A7855D24EBCEE82E4F7C58CA8EF66404B1D12C4AA212369F","0A3E3C7B592A4C23A7855D24EBCEE82E4F7C58CA8EF66404B1D12C4AA212369F","True"
"Source/Helodrace/Core/RaidNodeMovement.cs","4B99F3025543C5A2683DF34081FFF43483ABEC57221AA2ED3163F118D6061479","4B99F3025543C5A2683DF34081FFF43483ABEC57221AA2ED3163F118D6061479","True"
"Source/Helodrace/Core/RaidObservationSight.cs","2401F569648DCE7333FF5D6CEAD28D888561D992532245557DB404D71D45890F","2401F569648DCE7333FF5D6CEAD28D888561D992532245557DB404D71D45890F","True"
"Source/Helodrace/Core/RaidOrderPolicy.cs","F251FA06117C7C4AE72CEFB0E61A1DDABC8B42F931165652148AF34FEEB795E0","F251FA06117C7C4AE72CEFB0E61A1DDABC8B42F931165652148AF34FEEB795E0","True"
"Source/Helodrace/Core/RaidPassageTraffic.cs","2248B5746E3A52066BB28AD38B7407574F5D8733D3E7DCA7885C9A6BFFCDBD5B","2248B5746E3A52066BB28AD38B7407574F5D8733D3E7DCA7885C9A6BFFCDBD5B","True"
"Source/Helodrace/Core/RaidPawnCommand.cs","3D41F08B4307F0BB14C2936BB2349C83B89BB98897AD4312C3F65A63C1684ADD","3D41F08B4307F0BB14C2936BB2349C83B89BB98897AD4312C3F65A63C1684ADD","True"
"Source/Helodrace/Core/RaidPersonalJoin.cs","E9C5071C1315CD50C04C057BCF9F8ACD2121729CBE9A80CE4626DFEEF83211DD","E9C5071C1315CD50C04C057BCF9F8ACD2121729CBE9A80CE4626DFEEF83211DD","True"
"Source/Helodrace/Core/RaidPhysicalMapCache.cs","035BB8314B0C15916666959B9B035EFB033F10081298D2D066D0B068D931623C","035BB8314B0C15916666959B9B035EFB033F10081298D2D066D0B068D931623C","True"
"Source/Helodrace/Core/RaidPlanningService.cs","4EE433DFB9116CE5F7F1F90A910C798A6714B9EDABB7EB5E5E39CE0A73E93FF2","4EE433DFB9116CE5F7F1F90A910C798A6714B9EDABB7EB5E5E39CE0A73E93FF2","True"
"Source/Helodrace/Core/RaidPlanningWork.cs","B91909FC156C705921596AB1DEBB9EB8D187346D362A65FA243622CA026D4D59","B91909FC156C705921596AB1DEBB9EB8D187346D362A65FA243622CA026D4D59","True"
"Source/Helodrace/Core/RaidReactivePolicy.cs","50B9F86607C76AA931693370F2E882DEFC9BD8B005C9D28E9D8E887495154BBC","50B9F86607C76AA931693370F2E882DEFC9BD8B005C9D28E9D8E887495154BBC","True"
"Source/Helodrace/Core/RaidReactiveTactics.cs","4A8EFBE61918DCB01CA4D80BFEF3B68F413F398E394F7CA573132DEAF8882961","4A8EFBE61918DCB01CA4D80BFEF3B68F413F398E394F7CA573132DEAF8882961","True"
"Source/Helodrace/Core/RaidRoomSecurity.cs","C18B82B6714130D68F511C7361B188F982662D2D7A00492B9AECA7A581C8F87F","C18B82B6714130D68F511C7361B188F982662D2D7A00492B9AECA7A581C8F87F","True"
"Source/Helodrace/Core/RaidSharedOpening.cs","4093A5E479D347E3502D9740011B6A51D6758D7D662FFB8605938BA610F3E318","4093A5E479D347E3502D9740011B6A51D6758D7D662FFB8605938BA610F3E318","True"
"Source/Helodrace/Core/RaidSmokeFormation.cs","EFE93D12F87C689F3A48C2B9DC990A26A92521DF6F389871266B55D19AB7C231","EFE93D12F87C689F3A48C2B9DC990A26A92521DF6F389871266B55D19AB7C231","True"
"Source/Helodrace/Core/RaidSmokePlanning.cs","FBD059D6C555079C119C07CFEB1AB8AF60E60B8FA75E6DA601EEF8F9F05291F3","FBD059D6C555079C119C07CFEB1AB8AF60E60B8FA75E6DA601EEF8F9F05291F3","True"
"Source/Helodrace/Core/RaidSmokePolicy.cs","1BC558344FC1470BD2C80F7F385ED1DCF6C7BF13156416FFBFC2E1BE8395A395","1BC558344FC1470BD2C80F7F385ED1DCF6C7BF13156416FFBFC2E1BE8395A395","True"
"Source/Helodrace/Core/RaidSpawnRuntimeAudit.cs","E94F3C97C1FD0D30C0A805825AABF0D26C64D9FB0309D4C753B8923B71C5C3A6","E94F3C97C1FD0D30C0A805825AABF0D26C64D9FB0309D4C753B8923B71C5C3A6","True"
"Source/Helodrace/Core/RaidTacticalCommunications.cs","D4A65FD8911A5CCA894B60810FCF5C119880DB28E3FF25593FFE193CFC79CC90","D4A65FD8911A5CCA894B60810FCF5C119880DB28E3FF25593FFE193CFC79CC90","True"
"Source/Helodrace/Core/RaidTacticalDebugUi.cs","3F067CBD42904B784DBAC3B35421165625BED846FE8862A997855B8C1EDA0A3E","3F067CBD42904B784DBAC3B35421165625BED846FE8862A997855B8C1EDA0A3E","True"
"Source/Helodrace/Core/RaidTacticalDecision.cs","E24CA23B8C6439B31C28160248433179CD7175F42E91DD9D1DAF9A0E08ED982A","E24CA23B8C6439B31C28160248433179CD7175F42E91DD9D1DAF9A0E08ED982A","True"
"Source/Helodrace/Core/RaidTacticalExecution.cs","2241FB791AD3050F2DD38608ED08D08CA50D988B60002D1AF4DD0479E80058A5","2241FB791AD3050F2DD38608ED08D08CA50D988B60002D1AF4DD0479E80058A5","True"
"Source/Helodrace/Core/RaidTacticalIndices.cs","05FA38E4947E35E4ECA9CF93DCE39D81F8B1AC792EBE86307F3F773E64CB1A03","05FA38E4947E35E4ECA9CF93DCE39D81F8B1AC792EBE86307F3F773E64CB1A03","True"
"Source/Helodrace/Core/RaidTacticalMapOverlay.cs","F6AAB70E86425BD9AE86EBD614223193DC1E756C050698FED95E71E906C99E11","F6AAB70E86425BD9AE86EBD614223193DC1E756C050698FED95E71E906C99E11","True"
"Source/Helodrace/Core/RaidTacticalOrders.cs","4CEAEEAAB7D1C011981E158326F9843239334D116C5BC91AA2A8328BBAD3ECD0","4CEAEEAAB7D1C011981E158326F9843239334D116C5BC91AA2A8328BBAD3ECD0","True"
"Source/Helodrace/Core/RaidTacticalPlanner.cs","C62953C66508D8191524E8B20C0824FD3B50360E31EB7160C3C6730770B9C378","C62953C66508D8191524E8B20C0824FD3B50360E31EB7160C3C6730770B9C378","True"
"Source/Helodrace/Core/RaidTacticalPlanPersistence.cs","D69989A979BD737523585B5075C49F3584543E6D7D6EB3FAD62897310A21A56D","D69989A979BD737523585B5075C49F3584543E6D7D6EB3FAD62897310A21A56D","True"
"Source/Helodrace/Core/RaidTacticalReports.cs","AE0BA5C877FA72DDC5B46062B0BA2934D4151E51D68BD70DE3A6BDA5E7B2F6AF","AE0BA5C877FA72DDC5B46062B0BA2934D4151E51D68BD70DE3A6BDA5E7B2F6AF","True"
"Source/Helodrace/Core/RaidTacticalTrace.cs","46F508E44418FB2F5C72C236FD89CC49A4116D256DD56D35282D34F02D2EFA56","46F508E44418FB2F5C72C236FD89CC49A4116D256DD56D35282D34F02D2EFA56","True"
"Source/Helodrace/Core/RaidTrapAvoidance.cs","4A72462289B4E61F3602BF976A1A3E81881490F2D5F4249403B6E55E2EE1A8F3","4A72462289B4E61F3602BF976A1A3E81881490F2D5F4249403B6E55E2EE1A8F3","True"
"Source/Helodrace/Core/TacticalCpuSamples.cs","34A13CA0A8640889A6B3EE227A00BF194AACB8382C70A2F7E6ABF5EF02BF2249","34A13CA0A8640889A6B3EE227A00BF194AACB8382C70A2F7E6ABF5EF02BF2249","True"
"Source/Helodrace/Core/TacticalDueQueue.cs","326E536F46E27D18A3EEC29DA4FF07C9CC406C30F2CCA1303C0A8DA080D9601E","326E536F46E27D18A3EEC29DA4FF07C9CC406C30F2CCA1303C0A8DA080D9601E","True"
"Source/Helodrace/Core/TacticalGeometry.cs","4DB873B1315E8B24BC06A22269FCDBE8EF5E62A03533C3F38EE2AB22AE4D5936","4DB873B1315E8B24BC06A22269FCDBE8EF5E62A03533C3F38EE2AB22AE4D5936","True"
"Source/Helodrace/Core/TacticalGeometryCodec.cs","C336D654399ED6928836B3C62F3468CFF556B1429B96AED24B071D1D9ADDA7DE","C336D654399ED6928836B3C62F3468CFF556B1429B96AED24B071D1D9ADDA7DE","True"
"Source/Helodrace/Core/TacticalMapAnalysis.cs","101B6BFFC737E45E00288EF082C1B9302C18D52B456100A60F6E6FD0FEB7E239","101B6BFFC737E45E00288EF082C1B9302C18D52B456100A60F6E6FD0FEB7E239","True"
"Source/Helodrace/Core/TacticalMapDebugActions.cs","91450FD770D0A7A6A813E8BFC411BA71E88BBEABE9F555F2F238AC297D00BDA5","91450FD770D0A7A6A813E8BFC411BA71E88BBEABE9F555F2F238AC297D00BDA5","True"
"Source/Helodrace/Core/TacticalMovementMask.cs","4182E3330CEAFABCE59AEB69568C328F8E3AD8878A0F791398CF9C348C00465B","4182E3330CEAFABCE59AEB69568C328F8E3AD8878A0F791398CF9C348C00465B","True"
"Source/Helodrace/Core/TacticalMovementMaskKey.cs","82CAD2D82D39874403D283AA862C4B485926151986FE2E5F455009D18312AEF0","82CAD2D82D39874403D283AA862C4B485926151986FE2E5F455009D18312AEF0","True"
"Source/Helodrace/Core/TacticalNativeBudget.cs","E9126C412F320806B8FA74F9CD9150F8DA6F9215CEB370DFB913CC4C12F59AFB","E9126C412F320806B8FA74F9CD9150F8DA6F9215CEB370DFB913CC4C12F59AFB","True"
"Source/Helodrace/Core/TacticalNativeLease.cs","CC2F50686A0C4602C2447215681AD3D19A2EAAB7D8A80E37EDF0F4A962985555","CC2F50686A0C4602C2447215681AD3D19A2EAAB7D8A80E37EDF0F4A962985555","True"
"Source/Helodrace/Core/TacticalNavigationGraph.cs","00CFA07B5DA8B77846809CCCD04472497AFAA0BE9F5189F7252607021EE214D5","00CFA07B5DA8B77846809CCCD04472497AFAA0BE9F5189F7252607021EE214D5","True"
"Source/Helodrace/Core/TacticalNodeProgress.cs","8715B96AA9411811987C5E4428AFF8E4CCB6A63E01D703BE1C488B0CF7A89CB6","8715B96AA9411811987C5E4428AFF8E4CCB6A63E01D703BE1C488B0CF7A89CB6","True"
"Source/Helodrace/Core/TacticalObserverRotation.cs","2C2C22D8352929F6DC45122147537BE0A92D1618464B9DE8FF3B8D3C61D0B704","2C2C22D8352929F6DC45122147537BE0A92D1618464B9DE8FF3B8D3C61D0B704","True"
"Source/Helodrace/Core/TacticalOpeningLeases.cs","594AD8E9F6E1B2D8BEA403C40316A3D99CCFF94FA06D50E8A9184E336D84F7FE","594AD8E9F6E1B2D8BEA403C40316A3D99CCFF94FA06D50E8A9184E336D84F7FE","True"
"Source/Helodrace/Core/TacticalPassageAdmissions.cs","B3878D4528DE8D7E6A10589D636819833E1E06537258CE45A441BAEDA1E05B58","B3878D4528DE8D7E6A10589D636819833E1E06537258CE45A441BAEDA1E05B58","True"
"Source/Helodrace/Core/TacticalPreparationQueue.cs","32588492FA2115EC518B3AEAAF4D3F867A72819A15ED8939CD8654D6DD295E08","32588492FA2115EC518B3AEAAF4D3F867A72819A15ED8939CD8654D6DD295E08","True"
"Source/Helodrace/Core/TacticalQueuePositions.cs","C8C17E6AF3E10DF5591B317B83938785B72051D1A75755636C85D1B5E2D2B5F5","C8C17E6AF3E10DF5591B317B83938785B72051D1A75755636C85D1B5E2D2B5F5","True"
"Source/Helodrace/Core/TacticalReactionCadence.cs","8A2629F12A5F386B5F045DF8DFE4A9431AA61E604F0EBE377F3B0D27B5E71FCC","8A2629F12A5F386B5F045DF8DFE4A9431AA61E604F0EBE377F3B0D27B5E71FCC","True"
"Source/Helodrace/Core/TacticalServiceBudget.cs","84A35CA36C45C3BBD136F3FC4A3E22D91B105AC0918F6118F9859D796A468BBC","84A35CA36C45C3BBD136F3FC4A3E22D91B105AC0918F6118F9859D796A468BBC","True"
"Source/Helodrace/Core/TacticalSliceQueue.cs","85D946063D69C0613701862276BDCA0A1BC5D8BEF6C41B1063B5927BCB4F35B3","85D946063D69C0613701862276BDCA0A1BC5D8BEF6C41B1063B5927BCB4F35B3","True"
"Source/Helodrace/Core/TacticalSpatialIndex.cs","6292674143314F15B9841D711E6918CA21F3BAE840BD8DFA9A92EE7215FC5594","6292674143314F15B9841D711E6918CA21F3BAE840BD8DFA9A92EE7215FC5594","True"
"Source/Helodrace/Core/Verb_ShootMixedMagazine.cs","DAD4846060EEFA8953C12F57A9DC81A87ADE68CAF45E7447C6A383BC53CF5B12","DAD4846060EEFA8953C12F57A9DC81A87ADE68CAF45E7447C6A383BC53CF5B12","True"
"Source/Helodrace/Core/Verb_ShootShotgun.cs","A03FF846AAE3EC7EB897C43D3CADEF851627EED1AF442815E524A82A5113D0B1","A03FF846AAE3EC7EB897C43D3CADEF851627EED1AF442815E524A82A5113D0B1","True"
"Source/Helodrace/Profiling/AgentMethodProfiler.cs","F4C09041DFB30926E2975FDC8B95AE23A2B5D58E1AB8D5C4462BAC8040080787","F4C09041DFB30926E2975FDC8B95AE23A2B5D58E1AB8D5C4462BAC8040080787","True"
"Source/Helodrace/Profiling/CoreReferenceCalibration.cs","A80D2AF6522B481224163CBACAF09BA8EA64187D09C73EB2F9911C956CA66F0A","A80D2AF6522B481224163CBACAF09BA8EA64187D09C73EB2F9911C956CA66F0A","True"
"Source/Helodrace/Profiling/MethodCapture.cs","32A351B6ADA1613763DADED986AB9959710A0A54A1CF74899AE2D87D374E47DD","32A351B6ADA1613763DADED986AB9959710A0A54A1CF74899AE2D87D374E47DD","True"
"Source/Helodrace/Profiling/ProfileFormat.cs","6BC0FD4B9CBF190757643321C9CE81872F04D8228122AF2E8EFF0B7104ABFAD2","6BC0FD4B9CBF190757643321C9CE81872F04D8228122AF2E8EFF0B7104ABFAD2","True"
"Source/Helodrace/Profiling/ProfileReference.cs","821649C0C3652E044B3253F983E32AB2A6A32849242E0EEA5FE3F879ECD00278","821649C0C3652E044B3253F983E32AB2A6A32849242E0EEA5FE3F879ECD00278","True"
"Source/Helodrace/Profiling/WindowsMethodClock.cs","9FC0AC7493AC74A6D2E653C361912C762936D77BAC2D1E1A817F9AC0BF2B6253","9FC0AC7493AC74A6D2E653C361912C762936D77BAC2D1E1A817F9AC0BF2B6253","True"
"Source/Helodrace/Tactical/JobDriver_TacticalSlide.cs","8804439D6AA9358614F78AF72BFA490EA86D6DEBB3655CFD0ECE1B51829F0AA1","8804439D6AA9358614F78AF72BFA490EA86D6DEBB3655CFD0ECE1B51829F0AA1","True"
"Source/Helodrace/Tactical/JobDriver_TacticalTakedown.cs","77772E437D419E0DA939483D3C9098F5D2567579DB7D5EECFB76BEA223878EE1","77772E437D419E0DA939483D3C9098F5D2567579DB7D5EECFB76BEA223878EE1","True"
"Source/Helodrace/Tactical/TacticalAim.cs","A47F9F10CEB20CD75DFA82057B2359EC16D7E8629A17158002719C7E17A24763","A47F9F10CEB20CD75DFA82057B2359EC16D7E8629A17158002719C7E17A24763","True"
"Source/Helodrace/Tactical/TacticalCloseQuartersStrike.cs","DF5E5F6C8EC7F93E5A41CA1104231800B37493F71E3C6B7EB146DFAF2D461B02","DF5E5F6C8EC7F93E5A41CA1104231800B37493F71E3C6B7EB146DFAF2D461B02","True"
"Source/Helodrace/Tactical/TacticalCoordinatedAim.cs","0A62CAEB40DCA502418DA0A46B99773E86F6EE242F96B144949C06B438246E9A","0A62CAEB40DCA502418DA0A46B99773E86F6EE242F96B144949C06B438246E9A","True"
"Source/Helodrace/Tactical/TacticalCqbMode.cs","9CB6BEDEFCFB02510DF97590B61BFB5403DA53B58F67D0D1543095919F85F752","9CB6BEDEFCFB02510DF97590B61BFB5403DA53B58F67D0D1543095919F85F752","True"
"Source/Helodrace/Tactical/TacticalHighSpeedMovement.cs","EEA5BBD094C3619507185F039E105262E40AB89A6C045B0EBB64A8C8BBCA7E10","EEA5BBD094C3619507185F039E105262E40AB89A6C045B0EBB64A8C8BBCA7E10","True"
"Source/Helodrace/Tactical/TacticalMovementFire.cs","F93D7AA8E6458A9D52D17E230A567EA23904305BB8A2DEA0FD58DA5A5A94E4DA","F93D7AA8E6458A9D52D17E230A567EA23904305BB8A2DEA0FD58DA5A5A94E4DA","True"
"Source/Helodrace/Tactical/TacticalMovementPassive.cs","CCC32FBE0FD11DAD85DE73ECCBD3CD2AFA5BA3E6FD32AE9F8557F6488E056AC9","CCC32FBE0FD11DAD85DE73ECCBD3CD2AFA5BA3E6FD32AE9F8557F6488E056AC9","True"
"Source/Helodrace/Tactical/TacticalMovementRunAndGun.cs","1C8D4767B5FFC330C84A587CE5E43FD278362CB12130E7E48F1DF7EF0AD1ACC9","1C8D4767B5FFC330C84A587CE5E43FD278362CB12130E7E48F1DF7EF0AD1ACC9","True"
"Source/Helodrace/Tactical/TacticalMultiTargetFire.cs","7D41B2ABCB631C42A7B3ADD53092C9EEB0841A8833D59AA79D0545CBD2007FD0","7D41B2ABCB631C42A7B3ADD53092C9EEB0841A8833D59AA79D0545CBD2007FD0","True"
"Source/Helodrace/Tactical/TacticalMultiTargetTimingAndAccuracy.cs","049CF3B5C7C9E5C3228B2D3862E6E387C477A9582472CD61A9685D0CFDC7EE0D","049CF3B5C7C9E5C3228B2D3862E6E387C477A9582472CD61A9685D0CFDC7EE0D","True"
"Source/Helodrace/Tactical/TacticalPrecisionFire.cs","CFAFFE0D4BB05AADFE71CA6265EED6F3C42A562A8B6AD6C0DF1B3FC9A78DD913","CFAFFE0D4BB05AADFE71CA6265EED6F3C42A562A8B6AD6C0DF1B3FC9A78DD913","True"
"Source/Helodrace/Tactical/TacticalPreemptiveFire.cs","88FC912E00FFDD657D0C1C8FDD2F5F38B683E52A524439F195B661654FDA9D9D","88FC912E00FFDD657D0C1C8FDD2F5F38B683E52A524439F195B661654FDA9D9D","True"
"Source/Helodrace/Tactical/TacticalRapidKill.cs","FD0C39F5B5E1A1FA342BBAA69D2C5D1EC362B707B184D50DECEA6B80F3EE1AB3","FD0C39F5B5E1A1FA342BBAA69D2C5D1EC362B707B184D50DECEA6B80F3EE1AB3","True"
"Source/Helodrace/Tactical/TacticalSlideGuards.cs","2FF54409E70A1BCA75BB0812A30C0C1587202697F63645E138A2EF8456EE160B","2FF54409E70A1BCA75BB0812A30C0C1587202697F63645E138A2EF8456EE160B","True"
"Source/Helodrace/Tactical/TacticalSuddenFire.cs","1AA94A7AD84D78E9EA4CBAFB2D7951E8D7A307539A173F9E0E6CF6B55E9C68C8","1AA94A7AD84D78E9EA4CBAFB2D7951E8D7A307539A173F9E0E6CF6B55E9C68C8","True"
"Source/Helodrace/Tactical/TacticalTakedown.cs","831C9CFEDB4369D8189FFBB46BDB7F8B273DDD12427D3D4C0A77A88742B45394","831C9CFEDB4369D8189FFBB46BDB7F8B273DDD12427D3D4C0A77A88742B45394","True"
"Source/Helodrace/Tactical/TacticalWeaponRules.cs","D0B2AC2A11AC4DB67578605C564E7D5457145D4C02B980EB335BB9AA311DE4A0","D0B2AC2A11AC4DB67578605C564E7D5457145D4C02B980EB335BB9AA311DE4A0","True"
"Source/Helodrace/Tactical/TcccDragging.cs","A61FDCC3A80D324B3645437B62578413143CCF7C027D48A2C5F9E96BDD11C780","A61FDCC3A80D324B3645437B62578413143CCF7C027D48A2C5F9E96BDD11C780","True"
"Source/Helodrace/Tactical/TcccDrugs.cs","494E2388EA0CDBA0A8710F0F1A880C04C13BF57FFA1D8190DC736A3739D40B78","494E2388EA0CDBA0A8710F0F1A880C04C13BF57FFA1D8190DC736A3739D40B78","True"
"Source/Helodrace/Tactical/TcccInGameChecks.cs","2A0B23AE74EFDF1542ED609AB1EA23F66872B127D9C475DB67CE9F087B751F2F","2A0B23AE74EFDF1542ED609AB1EA23F66872B127D9C475DB67CE9F087B751F2F","True"
"Source/Helodrace/Tactical/TcccSkills.cs","C4240A4B1C2C401848B6FA6EB826DA550A706E47EAABC8EF39154E3505B9C575","C4240A4B1C2C401848B6FA6EB826DA550A706E47EAABC8EF39154E3505B9C575","True"
"Source/Helodrace/Squads/CombatOrganization.cs","149D2C488AC7A42E0B8623EC4393D6987C6105B7170F537E717A38023C250B42","149D2C488AC7A42E0B8623EC4393D6987C6105B7170F537E717A38023C250B42","True"
"Source/Helodrace/Squads/FormationPlanner.cs","2890294E3415E2DCA373530E1500EEDDA45DDE82DF352D91CCA465CCD8C69B52","2890294E3415E2DCA373530E1500EEDDA45DDE82DF352D91CCA465CCD8C69B52","True"
"Source/Helodrace/Squads/OrganizationDebug.cs","47A9D0C7C4265E05DE5DC0EACC631A73B14F31BC703C7AE59F1FC7047A73BA0C","47A9D0C7C4265E05DE5DC0EACC631A73B14F31BC703C7AE59F1FC7047A73BA0C","True"
"Source/Helodrace/Squads/OrganizationDefs.cs","3BB41C4120ED5671AD37BE4611D793E401B574EA5BC82BED180491CD0F15AEF3","3BB41C4120ED5671AD37BE4611D793E401B574EA5BC82BED180491CD0F15AEF3","True"
"Source/Helodrace/Squads/OrganizationEdgeArrival.cs","ABE89F5602FAE58A510039EAB457C2BB3CB2B76C1C4C3B53F56824BF2ACAB7EC","ABE89F5602FAE58A510039EAB457C2BB3CB2B76C1C4C3B53F56824BF2ACAB7EC","True"
"Source/Helodrace/Squads/OrganizationGenerator.cs","F3BB330CFADE0B1E7CA534ECF898695C5F0E14FE889CD5FD2C1264DBAE192B80","F3BB330CFADE0B1E7CA534ECF898695C5F0E14FE889CD5FD2C1264DBAE192B80","True"
"Source/Helodrace/Squads/OrganizationOverlay.cs","A972012E774808411C34550BBEACB631DC66C6FB71F4326BF37C89A6873FCCD2","A972012E774808411C34550BBEACB631DC66C6FB71F4326BF37C89A6873FCCD2","True"
"Source/Helodrace/Squads/OrganizationRegistry.cs","DA6A9DC1693A22D589876395A8B26341D4758809FDD301CE4184DD3BCA55CD12","DA6A9DC1693A22D589876395A8B26341D4758809FDD301CE4184DD3BCA55CD12","True"
"Source/Helodrace/Squads/RaidTacticalUnit.cs","8DBB3FF1EBC828A1B12B4601B31A99F9FFD22850E9C8119B6454E53ED931B804","8DBB3FF1EBC828A1B12B4601B31A99F9FFD22850E9C8119B6454E53ED931B804","True"
