"side","family","population","method","ticks","calls","inclusiveMs","trackedSelfMs","meanUs","msPerTick","callsPerTick","corePercentPerTick","coreReferenceBatchMs","maxMs","p95Ms","p99Ms","cpuMsPerTick"
"before","high","208","Verse.TickManager.DoSingleTick","900","900","8304.5496","7934.5358","9227.277333333333333333333333","9.227277333333333333333333333","1","3387.3999021047479197258932941","0.2724","30.5771","14.7793","18.7732","9.149305555555555555555555556"
"before","high","208","Helodrace.MapComponent_RaidTacticalCommunications.Frame","900","0","0","0",,"0","0","0","0.2724","0","0","0",
"before","high","208","Helodrace.MapComponent_RaidTacticalCommunications.RefreshFrames","900","45","156.0129","136.9671","3466.9533333333333333333333333","0.1733476666666666666666666667","0.05","63.637175721977484092021536957","0.2724","6.307","4.3489","6.307",
"before","high","208","Helodrace.MapComponent_RaidTacticalCommunications.MapComponentTick","900","900","163.9747","0.1464","182.19411111111111111111111111","0.1821941111111111111111111111","1","66.88476913036384402023168543","0.2724","6.4656","0.0003","4.0162",
"before","high","208","Helodrace.MapComponent_RaidTacticalCommunications.ProcessTick","900","45","163.8283","7.2611","3640.6288888888888888888888889","0.1820314444444444444444444444","0.05","66.82505302659487681514113232","0.2724","6.464","4.5457","6.464",
"before","high","208","Helodrace.MapComponent_RaidTacticalCommunications.Validate","900","0","0","0",,"0","0","0","0.2724","0","0","0",
"before","high","208","Helodrace.MapComponent_RaidTacticalCommunications.Share","900","360","0.5543","0.5543","1.5397222222222222222222222222","0.0006158888888888888888888889","0.4","0.2260972426170664056126611193","0.2724","0.0181","0.004","0.0087",
"before","high","208","Helodrace.MapComponent_RaidTacticalCommunications.Queue","900","0","0","0",,"0","0","0","0.2724","0","0","0",
"before","high","208","Helodrace.RaidCommunicationPolicy.Delays","900","263","19.0458","19.0458","72.417490494296577946768060837","0.021162","0.292222222222222","7.7687224669603524229074889868","0.2724","0.3585","0.1041","0.2163",
"before","high","208","Communication selected scope union","900",,"163.9747","163.9747",,"0.182194111111111",,"66.884769130363803230543318649","0.2724",,,,
"before","high","403","Verse.TickManager.DoSingleTick","900","900","21165.8086","20531.6039","23517.565111111111111111111111","23.517565111111111111111111111","1","8655.710383184067394593710383","0.2717","63.0285","35.866","44.2389","23.177083333333333333333333333"
"before","high","403","Helodrace.MapComponent_RaidTacticalCommunications.Frame","900","0","0","0",,"0","0","0","0.2717","0","0","0",
"before","high","403","Helodrace.MapComponent_RaidTacticalCommunications.RefreshFrames","900","45","295.178","260.5659","6559.5111111111111111111111111","0.3279755555555555555555555556","0.05","120.71238702817650186071238703","0.2717","9.6378","8.5044","9.6378",
"before","high","403","Helodrace.MapComponent_RaidTacticalCommunications.MapComponentTick","900","900","307.5431","0.1559","341.71455555555555555555555556","0.3417145555555555555555555556","1","125.76906719011982169876906719","0.2717","9.938","0.0003","7.2621",
"before","high","403","Helodrace.MapComponent_RaidTacticalCommunications.ProcessTick","900","45","307.3872","11.7041","6830.8266666666666666666666667","0.3415413333333333333333333333","0.05","125.70531223162802110170531223","0.2717","9.9365","8.7352","9.9365",
"before","high","403","Helodrace.MapComponent_RaidTacticalCommunications.Validate","900","0","0","0",,"0","0","0","0.2717","0","0","0",
"before","high","403","Helodrace.MapComponent_RaidTacticalCommunications.Share","900","360","0.5051","0.5051","1.4030555555555555555555555556","0.0005612222222222222222222222","0.4","0.2065595223489960332065595223","0.2717","0.0082","0.004","0.0058",
"before","high","403","Helodrace.MapComponent_RaidTacticalCommunications.Queue","900","0","0","0",,"0","0","0","0.2717","0","0","0",
"before","high","403","Helodrace.RaidCommunicationPolicy.Delays","900","480","34.6121","34.6121","72.108541666666666666666666667","0.0384578888888888888888888889","0.533333333333333","14.154541365067680857154541365","0.2717","0.2806","0.1208","0.144",
"before","high","403","Communication selected scope union","900",,"307.5431","307.5431",,"0.341714555555556",,"125.76906719011998527788001472","0.2717",,,,
"before","high","0","Verse.TickManager.DoSingleTick","901","901","2321.6508","2315.9592","2576.7489456159822419533851276","2.5767489456159822419533851276","1","943.5184714815021025094782598","0.2731","6.5166","3.7285","4.3631","2.5839345172031076581576026637"
"before","high","0","Helodrace.MapComponent_RaidTacticalCommunications.Frame","901","0","0","0",,"0","0","0","0.2731","0","0","0",
"before","high","0","Helodrace.MapComponent_RaidTacticalCommunications.RefreshFrames","901","45","0.7061","0.7061","15.691111111111111111111111111","0.0007836847946725860155382908","0.0499445061043285","0.2869589141972120159422522109","0.2731","0.0361","0.0227","0.0361",
"before","high","0","Helodrace.MapComponent_RaidTacticalCommunications.MapComponentTick","901","901","1.067","0.1401","1.1842397336293007769145394007","0.0011842397336293007769145394","1","0.4336286098972174210598826075","0.2731","0.0493","0.0002","0.0233",
"before","high","0","Helodrace.MapComponent_RaidTacticalCommunications.ProcessTick","901","45","0.9269","0.2208","20.597777777777777777777777778","0.0010287458379578246392896781","0.0499445061043285","0.3766919948582294541522072995","0.2731","0.047","0.0302","0.047",
"before","high","0","Helodrace.MapComponent_RaidTacticalCommunications.Validate","901","0","0","0",,"0","0","0","0.2731","0","0","0",
"before","high","0","Helodrace.MapComponent_RaidTacticalCommunications.Share","901","0","0","0",,"0","0","0","0.2731","0","0","0",
"before","high","0","Helodrace.MapComponent_RaidTacticalCommunications.Queue","901","0","0","0",,"0","0","0","0.2731","0","0","0",
"before","high","0","Helodrace.RaidCommunicationPolicy.Delays","901","0","0","0",,"0","0","0","0.2731","0","0","0",
"before","high","0","Communication selected scope union","901",,"1.067","1.067",,"0.0011842397336293",,"0.4336286098972171365800073233","0.2731",,,,
"after","high","208","Verse.TickManager.DoSingleTick","903","903","7762.3294","7481.2618","8596.156589147286821705426357","8.596156589147286821705426357","1","3163.8412179415851386475621483","0.2717","42.9379","15.4399","23.2731","8.201827242524916943521594684"
"after","high","208","Helodrace.MapComponent_RaidTacticalCommunications.Frame","903","0","0","0",,"0","0","0","0.2717","0","0","0",
"after","high","208","Helodrace.MapComponent_RaidTacticalCommunications.RefreshFrames","903","948","25.6353","20.5101","27.041455696202531645569620253","0.0283890365448504983388704319","1.04983388704319","10.448670056993190408123088662","0.2717","0.7357","0.1852","0.3371",
"after","high","208","Helodrace.MapComponent_RaidTacticalCommunications.MapComponentTick","903","903","95.3602","1.189","105.60376522702104097452934662","0.1056037652270210409745293466","1","38.867782564232992629565456982","0.2717","4.6939","0.6312","1.9568",
"after","high","208","Helodrace.MapComponent_RaidTacticalCommunications.ProcessTick","903","45","68.5395","9.6078","1523.1000","0.0759019933554817275747508306","0.0498338870431894","27.935956332529159946540607495","0.2717","4.6847","2.455","4.6847",
"after","high","208","Helodrace.MapComponent_RaidTacticalCommunications.Validate","903","720","5.9881","5.9881","8.316805555555555555555555556","0.0066313399778516057585825028","0.79734219269103","2.4406845704275324838360334078","0.2717","0.0641","0.0333","0.0408",
"after","high","208","Helodrace.MapComponent_RaidTacticalCommunications.Share","903","360","52.7394","49.8291","146.49833333333333333333333333","0.0584046511627906976744186047","0.398671096345515","21.496007052922597598240193099","0.2717","3.2744","0.2587","0.3318",
"after","high","208","Helodrace.MapComponent_RaidTacticalCommunications.Queue","903","751","3.1109","3.1109","4.1423435419440745672436750999","0.0034450719822812846068660022","0.831672203765227","1.2679690770266045663842481469","0.2717","0.0323","0.0104","0.0172",
"after","high","208","Helodrace.RaidCommunicationPolicy.Delays","903","51","5.1252","5.1252","100.49411764705882352941176471","0.0056757475083056478405315615","0.0564784053156146","2.0889758955854427090657200817","0.2717","0.472","0.246","0.472",
"after","high","208","Communication selected scope union","903",,"95.3602","95.3602",,"0.105603765227021",,"38.867782564232977548767022451","0.2717",,,,
"after","high","403","Verse.TickManager.DoSingleTick","903","903","16179.7318","15758.6476","17917.753931339977851605758583","17.917753931339977851605758583","1","6616.6004177769489850833672758","0.2708","54.0432","29.6426","36.6221","17.909053156146179401993355482"
"after","high","403","Helodrace.MapComponent_RaidTacticalCommunications.Frame","903","0","0","0",,"0","0","0","0.2708","0","0","0",
"after","high","403","Helodrace.MapComponent_RaidTacticalCommunications.RefreshFrames","903","948","49.4124","38.9976","52.122784810126582278481012658","0.0547202657807308970099667774","1.04983388704319","20.206892828925737448289061082","0.2708","1.3189","0.2806","0.5986",
"after","high","403","Helodrace.MapComponent_RaidTacticalCommunications.MapComponentTick","903","903","98.3384","1.222","108.90188261351052048726467331","0.1089018826135105204872646733","1","40.214875411192954389684148194","0.2708","1.9265","0.8399","1.2186",
"after","high","403","Helodrace.MapComponent_RaidTacticalCommunications.ProcessTick","903","45","47.7076","12.2658","1060.1688888888888888888888889","0.0528323366555924695459579181","0.0498338870431894","19.5097255005880611321853464","0.2708","1.9189","1.3497","1.9189",
"after","high","403","Helodrace.MapComponent_RaidTacticalCommunications.Validate","903","720","6.3686","6.3686","8.845277777777777777777777778","0.0070527131782945736434108527","0.79734219269103","2.6043992534322650086450711643","0.2708","0.061","0.0356","0.0443",
"after","high","403","Helodrace.MapComponent_RaidTacticalCommunications.Share","903","360","29.0272","24.8184","80.63111111111111111111111111","0.0321452934662236987818383167","0.398671096345515","11.870492417364733671284459646","0.2708","0.2104","0.1238","0.1627",
"after","high","403","Helodrace.MapComponent_RaidTacticalCommunications.Queue","903","722","4.2512","4.2512","5.8880886426592797783933518006","0.004707862679955703211517165","0.799557032115172","1.7385017281963453513726606374","0.2708","0.0358","0.0125","0.0201",
"after","high","403","Helodrace.RaidCommunicationPolicy.Delays","903","96","10.4148","10.4148","108.4875","0.0115335548172757475083056478","0.106312292358804","4.2590675100722848996697370166","0.2708","0.9354","0.2371","0.9354",
"after","high","403","Communication selected scope union","903",,"98.3384","98.3384",,"0.108901882613511",,"40.214875411193131462333825702","0.2708",,,,
"after","high","0","Verse.TickManager.DoSingleTick","901","901","2024.2672","2019.7663","2246.6894561598224195338512764","2.2466894561598224195338512764","1","816.3842500580750070980564231","0.2752","4.8912","3.0032","3.7183","1.8902608213096559378468368479"
"after","high","0","Helodrace.MapComponent_RaidTacticalCommunications.Frame","901","0","0","0",,"0","0","0","0.2752","0","0","0",
"after","high","0","Helodrace.MapComponent_RaidTacticalCommunications.RefreshFrames","901","5","0.0712","0.0712","14.2400","0.0000790233074361820199778024","0.00554938956714761","0.0287148646207056758640270501","0.2752","0.0155","0.0155","0.0155",
"after","high","0","Helodrace.MapComponent_RaidTacticalCommunications.MapComponentTick","901","901","0.32","0.2488","0.3551609322974472807991120977","0.0003551609322974472807991121","1","0.1290555713290142735461889891","0.2752","0.0208","0.0004","0.0008",
"after","high","0","Helodrace.MapComponent_RaidTacticalCommunications.ProcessTick","901","0","0","0",,"0","0","0","0.2752","0","0","0",
"after","high","0","Helodrace.MapComponent_RaidTacticalCommunications.Validate","901","0","0","0",,"0","0","0","0.2752","0","0","0",
"after","high","0","Helodrace.MapComponent_RaidTacticalCommunications.Share","901","0","0","0",,"0","0","0","0.2752","0","0","0",
"after","high","0","Helodrace.MapComponent_RaidTacticalCommunications.Queue","901","0","0","0",,"0","0","0","0.2752","0","0","0",
"after","high","0","Helodrace.RaidCommunicationPolicy.Delays","901","0","0","0",,"0","0","0","0.2752","0","0","0",
"after","high","0","Communication selected scope union","901",,"0.32","0.32",,"0.000355160932297447",,"0.129055571329014171511627907","0.2752",,,,
"before","low","400","Verse.TickManager.DoSingleTick","902","902","13689.2349","13140.0949","15176.535365853658536585365854","15.176535365853658536585365854","1","5596.0676127778976904813295922","0.2712","43.8317","25.5941","32.4122","14.8281596452328"
"before","low","400","Helodrace.MapComponent_RaidTacticalCommunications.Frame","902","8","0.0167","0.0149","2.0875","0.0000185144124168514412416851","0.00886917960088692","0.0068268482363021538501788879","0.2712","0.0102","0.0102","0.0102",
"before","low","400","Helodrace.MapComponent_RaidTacticalCommunications.RefreshFrames","902","53","131.9407","87.3755","2489.4471698113207547169811321","0.1462757206208425720620842572","0.0587583148558758","53.936475155177939550916024045","0.2712","5.9053","4.6977","5.9053",
"before","low","400","Helodrace.MapComponent_RaidTacticalCommunications.MapComponentTick","902","902","148.7734","0.1813","164.93725055432372505543237251","0.1649372505543237250554323725","1","60.817570263393703928994237651","0.2712","6.6616","0.0006","3.8015",
"before","low","400","Helodrace.MapComponent_RaidTacticalCommunications.ProcessTick","902","45","148.5921","15.6455","3302.0466666666666666666666667","0.1647362527716186252771618625","0.0498891352549889","60.743456036732531444381217747","0.2712","6.6592","4.9648","6.6592",
"before","low","400","Helodrace.MapComponent_RaidTacticalCommunications.Validate","902","4","0.0383","0.0216","9.5750","0.0000424611973392461197339246","0.00443458980044346","0.0156567836796630235007096652","0.2712","0.0257","0.0257","0.0257",
"before","low","400","Helodrace.MapComponent_RaidTacticalCommunications.Share","902","360","0.4973","0.4973","1.3813888888888888888888888889","0.0005513303769401330376940133","0.399113082039911","0.2032929118510815035744886814","0.2712","0.0313","0.0042","0.0051",
"before","low","400","Helodrace.MapComponent_RaidTacticalCommunications.Queue","902","1","0.4721","0.4721","472.1000","0.0005233924611973392461197339","0.00110864745011086","0.192991320500493822315536108","0.2712","0.4721","0.4721","0.4721",
"before","low","400","Helodrace.RaidCommunicationPolicy.Delays","902","611","44.5652","44.5652","72.938134206219312602291325696","0.049407095343680709534368071","0.677383592017738","18.217955510206751303233064511","0.2712","0.2091","0.1132","0.1471",
"before","low","400","Communication selected scope union","902",,"148.7734","148.7734",,"0.164937250554324",,"60.817570263393805309734513274","0.2712",,,,
"before","low","0","Verse.TickManager.DoSingleTick","902","902","886.0873","881.2262","982.3584257206208425720620843","0.9823584257206208425720620843","1","356.44355069688709817563936295","0.2756","4.2847","1.4947","1.8877","0.7795177383592017738359201774"
"before","low","0","Helodrace.MapComponent_RaidTacticalCommunications.Frame","902","0","0","0",,"0","0","0","0.2756","0","0","0",
"before","low","0","Helodrace.MapComponent_RaidTacticalCommunications.RefreshFrames","902","45","0.5516","0.5516","12.257777777777777777777777778","0.0006115299334811529933481153","0.0498891352549889","0.2218903967638436115196354496","0.2756","0.0275","0.0161","0.0275",
"before","low","0","Helodrace.MapComponent_RaidTacticalCommunications.MapComponentTick","902","902","0.9465","0.1686","1.0493348115299334811529933481","0.0010493348115299334811529933","1","0.380745577478205181840708762","0.2756","0.0411","0.0002","0.0202",
"before","low","0","Helodrace.MapComponent_RaidTacticalCommunications.ProcessTick","902","45","0.7779","0.2263","17.286666666666666666666666667","0.0008624168514412416851441242","0.0498891352549889","0.31292338586402093074895652","0.2756","0.037","0.0237","0.037",
"before","low","0","Helodrace.MapComponent_RaidTacticalCommunications.Validate","902","0","0","0",,"0","0","0","0.2756","0","0","0",
"before","low","0","Helodrace.MapComponent_RaidTacticalCommunications.Share","902","0","0","0",,"0","0","0","0.2756","0","0","0",
"before","low","0","Helodrace.MapComponent_RaidTacticalCommunications.Queue","902","0","0","0",,"0","0","0","0.2756","0","0","0",
"before","low","0","Helodrace.RaidCommunicationPolicy.Delays","902","0","0","0",,"0","0","0","0.2756","0","0","0",
"before","low","0","Communication selected scope union","902",,"0.9465","0.9465",,"0.00104933481152993",,"0.3807455774782039187227866473","0.2756",,,,
"after","low","400","Verse.TickManager.DoSingleTick","900","900","11540.5542","11140.2451","12822.8380","12.822838","1","4595.9992831541218637992831541","0.279","35.6049","21.8565","28.0533","12.586805555555555555555555556"
"after","low","400","Helodrace.MapComponent_RaidTacticalCommunications.Frame","900","0","0","0",,"0","0","0","0.279","0","0","0",
"after","low","400","Helodrace.MapComponent_RaidTacticalCommunications.RefreshFrames","900","945","39.2877","28.5802","41.574285714285714285714285714","0.043653","1.05","15.64623655913978494623655914","0.279","0.6903","0.2349","0.3638",
"after","low","400","Helodrace.MapComponent_RaidTacticalCommunications.MapComponentTick","900","900","50.493","1.0332","56.103333333333333333333333333","0.0561033333333333333333333333","1","20.108721624850657108721624851","0.279","1.236","0.2517","0.3781",
"after","low","400","Helodrace.MapComponent_RaidTacticalCommunications.ProcessTick","900","45","10.1759","9.0567","226.13111111111111111111111111","0.0113065555555555555555555556","0.05","4.0525288729589804858622062925","0.279","1.2289","0.3554","1.2289",
"after","low","400","Helodrace.MapComponent_RaidTacticalCommunications.Validate","900","4","0.0364","0.0364","9.1000","0.0000404444444444444444444444","0.00444444444444444","0.0144962166467542811628833133","0.279","0.029","0.029","0.029",
"after","low","400","Helodrace.MapComponent_RaidTacticalCommunications.Share","900","360","0.608","0.608","1.6888888888888888888888888889","0.0006755555555555555555555556","0.4","0.2421346077260055754679410595","0.279","0.0313","0.0049","0.0105",
"after","low","400","Helodrace.MapComponent_RaidTacticalCommunications.Queue","900","1","0.471","0.471","471.000","0.0005233333333333333333333333","0.00111111111111111","0.1875746714456391875746714455","0.279","0.471","0.471","0.471",
"after","low","400","Helodrace.RaidCommunicationPolicy.Delays","900","113","10.7075","10.7075","94.7566371681415929203539823","0.0118972222222222222222222222","0.125555555555556","4.2642373556352050975706889685","0.279","0.4476","0.1921","0.2497",
"after","low","400","Communication selected scope union","900",,"50.493","50.493",,"0.0561033333333333",,"20.108721624850645161290322581","0.279",,,,
"after","low","0","Verse.TickManager.DoSingleTick","900","900","1041.305","1036.4327","1157.0055555555555555555555556","1.1570055555555555555555555556","1","405.53997741169139697005101844","0.2853","2.3669","1.5274","1.7331","0.8159722222222222222222222222"
"after","low","0","Helodrace.MapComponent_RaidTacticalCommunications.Frame","900","0","0","0",,"0","0","0","0.2853","0","0","0",
"after","low","0","Helodrace.MapComponent_RaidTacticalCommunications.RefreshFrames","900","5","0.0612","0.0612","12.2400","0.000068","0.00555555555555556","0.0238345601121626358219418156","0.2853","0.0129","0.0129","0.0129",
"after","low","0","Helodrace.MapComponent_RaidTacticalCommunications.MapComponentTick","900","900","0.2427","0.1815","0.2696666666666666666666666667","0.0002696666666666666666666667","1","0.0945203878957822175487790631","0.2853","0.014","0.0003","0.0005",
"after","low","0","Helodrace.MapComponent_RaidTacticalCommunications.ProcessTick","900","0","0","0",,"0","0","0","0.2853","0","0","0",
"after","low","0","Helodrace.MapComponent_RaidTacticalCommunications.Validate","900","0","0","0",,"0","0","0","0.2853","0","0","0",
"after","low","0","Helodrace.MapComponent_RaidTacticalCommunications.Share","900","0","0","0",,"0","0","0","0.2853","0","0","0",
"after","low","0","Helodrace.MapComponent_RaidTacticalCommunications.Queue","900","0","0","0",,"0","0","0","0.2853","0","0","0",
"after","low","0","Helodrace.RaidCommunicationPolicy.Delays","900","0","0","0",,"0","0","0","0.2853","0","0","0",
"after","low","0","Communication selected scope union","900",,"0.2427","0.2427",,"0.000269666666666667",,"0.0945203878957823343848580442","0.2853",,,,
