"DefName","Label","File","Layers","BodyParts","Cold","Heat","Ventilation","VentilationConversion","HiddenModularMetrics","MissingBasicStats","DefaultOnlyArmorStats","InactiveStuffMultipliers"
"HD_Apparel_M1952AFlakJacket","M1952A flak jacket","Defs/ColdWar/Items/Apparel_ColdWar.xml","Shell","TorsoNeckShoulders","기본 1","기본 0.5","대상 아님 (커스텀 Comp 없음)","없음","","","",""
"HD_Apparel_GreatWarCBRNPouch","CBRN protection pouch","Defs/GreatWar/Items/Items_GreatWar.xml","HD_Pouch","Waist","미설정 → 0","미설정 → 0","대상 아님 (커스텀 Comp 없음)","없음","","","ArmorRating_Sharp, ArmorRating_Blunt, ArmorRating_Heat",""
"HD_Apparel_GreatWarGasMaskPouch","gas mask pouch","Defs/GreatWar/Items/Items_GreatWar.xml","HD_Pouch","Waist","미설정 → 0","미설정 → 0","대상 아님 (커스텀 Comp 없음)","없음","","","ArmorRating_Sharp, ArmorRating_Blunt, ArmorRating_Heat",""
"HD_Apparel_GreatWarM1Helmet","m1 Helmet","Defs/GreatWar/Items/Items_GreatWar.xml","Overhead","UpperHead","기본 1","기본 0.5","대상 아님 (커스텀 Comp 없음)","없음","","MarketValue","",""
"HD_Apparel_GreatWarMedibag","medic bag","Defs/GreatWar/Items/Items_GreatWar.xml","Belt","Shoulders","미설정 → 0","미설정 → 0","대상 아님 (커스텀 Comp 없음)","없음","","","ArmorRating_Sharp, ArmorRating_Blunt, ArmorRating_Heat",""
"HD_Apparel_GreatWarStormFrontChestRig","great war storm-front chest rig","Defs/GreatWar/Items/Items_GreatWar.xml","Belt","TorsoShoulders","미설정 → 0","미설정 → 0","대상 아님 (커스텀 Comp 없음)","없음","","","ArmorRating_Heat",""
"HD_Apparel_GreatWarStormFrontInner","great war storm-front uniform liner","Defs/GreatWar/Items/Items_GreatWar.xml","OnSkin","TorsoArmsLegsFeet","기본 6.3","기본 3.6","대상 아님 (커스텀 Comp 없음)","없음","","","ArmorRating_Sharp, ArmorRating_Blunt, ArmorRating_Heat","StuffEffectMultiplierArmor, StuffEffectMultiplierInsulation_Cold, StuffEffectMultiplierInsulation_Heat"
"HD_Apparel_GreatWarStormFrontOuter","great war storm-front uniform outer layer","Defs/GreatWar/Items/Items_GreatWar.xml","Middle","TorsoShouldersArmsLegsFeet","기본 9.9","기본 2.7","대상 아님 (커스텀 Comp 없음)","없음","","","ArmorRating_Heat","StuffEffectMultiplierArmor, StuffEffectMultiplierInsulation_Cold, StuffEffectMultiplierInsulation_Heat"
"HD_Apparel_GreatWarTrenchArmyInner","great war trench uniform liner","Defs/GreatWar/Items/Items_GreatWar.xml","OnSkin","TorsoArmsLegsFeet","기본 6.3","기본 3.6","대상 아님 (커스텀 Comp 없음)","없음","","","ArmorRating_Sharp, ArmorRating_Blunt, ArmorRating_Heat","StuffEffectMultiplierArmor, StuffEffectMultiplierInsulation_Cold, StuffEffectMultiplierInsulation_Heat"
"HD_Apparel_GreatWarTrenchArmyOuter","great war trench armor coat","Defs/GreatWar/Items/Items_GreatWar.xml","Middle","TorsoShouldersArmsLegsFeet","기본 9.9","기본 2.7","대상 아님 (커스텀 Comp 없음)","없음","","","ArmorRating_Heat","StuffEffectMultiplierArmor, StuffEffectMultiplierInsulation_Cold, StuffEffectMultiplierInsulation_Heat"
"HD_Apparel_M1MortarBarrel","M1 mortar barrel","Defs/GreatWar/Items/Items_GreatWar.xml","Belt","Shoulders","미설정 → 0","미설정 → 0","대상 아님 (커스텀 Comp 없음)","없음","","","ArmorRating_Sharp, ArmorRating_Blunt, ArmorRating_Heat",""
"HD_Apparel_M1MortarBaseplate","M1 mortar baseplate","Defs/GreatWar/Items/Items_GreatWar.xml","Belt","Torso","미설정 → 0","미설정 → 0","대상 아님 (커스텀 Comp 없음)","없음","","","ArmorRating_Sharp, ArmorRating_Blunt, ArmorRating_Heat",""
"HD_Apparel_M1MortarMount","M1 mortar bipod","Defs/GreatWar/Items/Items_GreatWar.xml","Belt","Waist","미설정 → 0","미설정 → 0","대상 아님 (커스텀 Comp 없음)","없음","","","ArmorRating_Sharp, ArmorRating_Blunt, ArmorRating_Heat",""
"HD_Apparel_M6RocketBag","weapon system test harness","Defs/GreatWar/Items/Items_GreatWar.xml","Belt","Waist","미설정 → 0","미설정 → 0","대상 아님 (커스텀 Comp 없음)","없음","","","ArmorRating_Sharp, ArmorRating_Blunt, ArmorRating_Heat",""
"HD_Apparel_SCR300_Radio","SCR-300 backpack radio","Defs/GreatWar/Items/SCR300_GreatWar.xml","Belt","TorsoShoulders","미설정 → 0","미설정 → 0","대상 아님 (커스텀 Comp 없음)","없음","","","ArmorRating_Sharp, ArmorRating_Blunt, ArmorRating_Heat",""
"HD_USMCFightingKnife","KA-BUG USMC fighting knife","Defs/GreatWar/Items/Weapons_GreatWar.xml","Belt","Waist","미설정 → 0","미설정 → 0","대상 아님 (커스텀 Comp 없음)","없음","","MarketValue","ArmorRating_Sharp, ArmorRating_Blunt, ArmorRating_Heat",""
"HD_Apparel_ACSUpper","army combat shirt","Defs/ModernWar/Items/Apparel_ModernWar.xml","OnSkin","TorsoShouldersArms","기본 3.6","기본 4.5","대상 아님 (커스텀 Comp 없음)","없음","","","",""
"HD_Apparel_FASTMT","FAST MT helmet","Defs/ModernWar/Items/Apparel_ModernWar.xml","Overhead","UpperHead","기본 1","기본 0.5","기본 5 / 기본부품 포함 5","ComfyTemperatureMax (기준 5, 배율 0.5)","HD_ArmorErgonomics, HD_ArmorVentilation, HD_ArmorLoadDistribution","","",""
"HD_Apparel_IBTVAssault","IBTV assault body armor","Defs/ModernWar/Items/Apparel_ModernWar.xml","Shell","TorsoNeckShoulders","기본 2","기본 0.5","기본 7 / 기본부품 포함 4.65","ComfyTemperatureMax (기준 5, 배율 1)","HD_ArmorErgonomics, HD_ArmorVentilation, HD_ArmorLoadDistribution","","",""
"HD_Apparel_MOLLEBattleBelt","MOLLE battle belt","Defs/ModernWar/Items/Apparel_ModernWar.xml","Belt","Waist","미설정 → 0","미설정 → 0","기본 9 / 기본부품 포함 9","없음","HD_ArmorErgonomics, HD_ArmorVentilation, HD_ArmorLoadDistribution","","ArmorRating_Sharp, ArmorRating_Blunt, ArmorRating_Heat",""
"HD_Apparel_ShieldDefenTechIIIA","DefenTech IIIA light shield","Defs/ModernWar/Items/Apparel_ModernWar.xml","Belt","Torso","미설정 → 0","미설정 → 0","대상 아님 (커스텀 Comp 없음)","없음","","","ArmorRating_Sharp, ArmorRating_Blunt, ArmorRating_Heat",""
"HD_Apparel_ShieldIronHideIV","Ironhide IV medium shield","Defs/ModernWar/Items/Apparel_ModernWar.xml","Belt","Torso","미설정 → 0","미설정 → 0","대상 아님 (커스텀 Comp 없음)","없음","","","ArmorRating_Sharp, ArmorRating_Blunt, ArmorRating_Heat",""
"HD_Apparel_UCPBlouse","UCP combat blouse","Defs/ModernWar/Items/Apparel_ModernWar.xml","OnSkin","TorsoShouldersArms","기본 6.3","기본 3.6","대상 아님 (커스텀 Comp 없음)","없음","","","",""
"HD_Apparel_UCPPants","UCP combat pants","Defs/ModernWar/Items/Apparel_ModernWar.xml","OnSkin","WaistLegs","기본 3.6","기본 1.44","기본 9 / 기본부품 포함 9","없음","HD_ArmorErgonomics, HD_ArmorVentilation, HD_ArmorLoadDistribution","","",""
"HD_Apparel_ZaperX26_Device","ZAPER X26","Defs/ModernWar/Items/Apparel_ModernWar.xml","Belt","Waist","미설정 → 0","미설정 → 0","대상 아님 (커스텀 Comp 없음)","없음","","","ArmorRating_Sharp, ArmorRating_Blunt, ArmorRating_Heat",""
"HD_MilitaryTablet","military tablet","Defs/ModernWar/Items/Apparel_ModernWar.xml","Belt","Waist","미설정 → 0","미설정 → 0","대상 아님 (커스텀 Comp 없음)","없음","","WorkToMake","ArmorRating_Sharp, ArmorRating_Blunt, ArmorRating_Heat",""
"HD_Apparel_ANPEQ1C","AN/PEQ-1C SOFLAM","Defs/ModernWar/Items/LaserDesignators_ModernWar.xml","Belt","Arms","미설정 → 0","미설정 → 0","대상 아님 (커스텀 Comp 없음)","없음","","","ArmorRating_Sharp, ArmorRating_Blunt, ArmorRating_Heat",""
"HD_Apparel_IZLIDUltra","IZLID Ultra","Defs/ModernWar/Items/LaserDesignators_ModernWar.xml","Belt","Arms","미설정 → 0","미설정 → 0","대상 아님 (커스텀 Comp 없음)","없음","","","ArmorRating_Sharp, ArmorRating_Blunt, ArmorRating_Heat",""
"HD_Apparel_LA16uPEQ","LA-16u/PEQ","Defs/ModernWar/Items/LaserDesignators_ModernWar.xml","Belt","Arms","미설정 → 0","미설정 → 0","대상 아님 (커스텀 Comp 없음)","없음","","","ArmorRating_Sharp, ArmorRating_Blunt, ArmorRating_Heat",""
"HD_Apparel_CarvalyHat","Carvaly hat","Defs/WildWest/Items/Apparel_WildWest.xml","Overhead","UpperHead","기본 2","기본 2","대상 아님 (커스텀 Comp 없음)","없음","","MarketValue","",""
"HD_Apparel_CarvalyUniform","Carvaly uniform","Defs/WildWest/Items/Apparel_WildWest.xml","OnSkin","TorsoShouldersArmsLegs","기본 10","기본 5","대상 아님 (커스텀 Comp 없음)","없음","","MarketValue","",""
"HD_Apparel_CowboyHat","Cowboy hat","Defs/WildWest/Items/Apparel_WildWest.xml","Overhead","UpperHead","기본 2","기본 2","대상 아님 (커스텀 Comp 없음)","없음","","MarketValue","",""
"HD_Apparel_WildWestFemaleCasual","Casual dress","Defs/WildWest/Items/Apparel_WildWest.xml","OnSkinMiddle","TorsoShouldersArmsLegs","소재 배율 0.3 (기본 0)","소재 배율 0.3 (기본 0)","대상 아님 (커스텀 Comp 없음)","없음","","MarketValue","",""
"HD_Apparel_WildWestFormalShirt","formal shirt","Defs/WildWest/Items/Apparel_WildWest.xml","OnSkin","TorsoShouldersArmsLegs","기본 4.5","기본 4.5","대상 아님 (커스텀 Comp 없음)","없음","","MarketValue","ArmorRating_Sharp, ArmorRating_Blunt, ArmorRating_Heat","StuffEffectMultiplierArmor, StuffEffectMultiplierInsulation_Cold, StuffEffectMultiplierInsulation_Heat"
"HD_Apparel_WildWestFrockCoat","frock coat","Defs/WildWest/Items/Apparel_WildWest.xml","Middle","TorsoShouldersArms","기본 9.9","기본 4.5","대상 아님 (커스텀 Comp 없음)","없음","","MarketValue","ArmorRating_Sharp, ArmorRating_Blunt, ArmorRating_Heat","StuffEffectMultiplierArmor, StuffEffectMultiplierInsulation_Cold, StuffEffectMultiplierInsulation_Heat"
"HD_Apparel_WildWestMaleCasual","Casual jacket","Defs/WildWest/Items/Apparel_WildWest.xml","OnSkin","TorsoShouldersArmsLegs","소재 배율 0.3 (기본 0)","소재 배율 0.3 (기본 0)","대상 아님 (커스텀 Comp 없음)","없음","","MarketValue","",""
"HD_Apparel_WildWestTopHat","top hat","Defs/WildWest/Items/Apparel_WildWest.xml","Overhead","UpperHead","기본 2","기본 1","대상 아님 (커스텀 Comp 없음)","없음","","MarketValue","ArmorRating_Sharp, ArmorRating_Blunt, ArmorRating_Heat",""
"HD_Bugle","bugle","Defs/WildWest/Items/Apparel_WildWest.xml","Belt","Waist","미설정 → 0","미설정 → 0","대상 아님 (커스텀 Comp 없음)","없음","","","ArmorRating_Sharp, ArmorRating_Blunt, ArmorRating_Heat",""
"HD_WildWestLeatherVest","leather vest","Defs/WildWest/Items/Apparel_WildWest.xml","Shell","TorsoShoulders","소재 배율 0.2 (기본 0)","소재 배율 0.2 (기본 0)","대상 아님 (커스텀 Comp 없음)","없음","","MarketValue","",""
"HD_WildWestMetalVest","metal vest","Defs/WildWest/Items/Apparel_WildWest.xml","Shell","TorsoShoulders","기본 1","기본 0.5","대상 아님 (커스텀 Comp 없음)","없음","","MarketValue","",""
